insert or ignore into Student (name,id) VALUES ("Chadwick S. Hardy",1),("Karly Paul",2),("Martena Lewis",3),("Finn Curtis",4),("Daniel Mcbride",5),("Cassandra Sampson",6),("Kenyon Bird",7),("Garrison Q. Nunez",8),("Lucas R. Rodgers",9),("Merritt O. Strong",10),("Adria N. Martin",11),("Ramona B. Palmer",12),("Geoffrey Johns",13),("Olympia Foreman",14),("Sara V. Skinner",15),("Shaine Gray",16),("Colby T. Cohen",17),("Kiara B. Orr",18),("Athena Lindsay",19),("Isabella Webster",20),("Yoko E. Bradley",21),("Brett Marsh",22),("Burton E. Mercer",23),("Ivan D. Yang",24),("Phillip Hull",25),("Cyrus Z. Osborn",26),("Shaine Martin",27),("Kennedy Reese",28),("Azalia H. Walters",29),("Malachi F. Holder",30),("Hashim Calderon",31),("Christine D. Tyler",32),("Laura H. Reilly",33),("Lars Lewis",34),("Ocean N. Leblanc",35),("Vincent U. Melendez",36),("Clayton T. Wilcox",37),("Ashton Peck",38),("Reece N. Welch",39),("Ulysses S. Beard",40),("Holmes Robertson",41),("John Forbes",42),("Brenden F. Reilly",43),("Robin U. Carroll",44),("Tyler Middleton",45),("Lani Woodward",46),("Quamar Y. Velez",47),("Blake Hyde",48),("Amal S. Carey",49),("Sade Y. Lopez",50),("Autumn Q. Murphy",51),("Chanda Serrano",52),("Gray Bailey",53),("Meghan O. Bryant",54),("Kelly B. Maxwell",55),("Kibo Cummings",56),("Elvis Dixon",57),("Quinn R. Dodson",58),("William Riddle",59),("Ali Brown",60),("Alden A. Barrera",61),("Brody R. Mcfarland",62),("Pascale L. Ramos",63),("Alec Pickett",64),("Justine Padilla",65),("Wynter Slater",66),("Yael Dillard",67),("Basia W. Sears",68),("Brett G. Day",69),("Jack T. Lang",70),("Anne C. Suarez",71),("Cairo A. Welch",72),("Hunter A. Guzman",73),("Cadman Guerrero",74),("Chaney P. Pickett",75),("Chester Lindsay",76),("Jemima Schwartz",77),("Burke Vincent",78),("Joan Tanner",79),("Molly H. Delacruz",80),("Lev Little",81),("Britanney E. Sawyer",82),("Blossom Banks",83),("Rina U. Curtis",84),("Rinah Merrill",85),("Sandra White",86),("Marvin M. Lamb",87),("Selma King",88),("Pascale Q. Rutledge",89),("Ali X. Bowen",90),("Lila Lara",91),("Orlando V. Diaz",92),("Hector Daugherty",93),("Kathleen Dale",94),("Charissa U. Mcgowan",95),("Benedict C. Daugherty",96),("Orlando H. York",97),("Kasper Cunningham",98),("Yen O. Moody",99),("September S. Gates",100);
insert or ignore into Student (name,id) VALUES ("Naida R. Leon",101),("Ray Baldwin",102),("Germane Riddle",103),("Carla M. Charles",104),("Zachery N. Holder",105),("Dustin Young",106),("Julie C. Morse",107),("Maya T. Hughes",108),("Alice Todd",109),("Jorden Larsen",110),("Amos Nicholson",111),("Amir Herrera",112),("Jasmine Guthrie",113),("Nathaniel Castaneda",114),("Kaden R. Galloway",115),("Stuart Erickson",116),("Logan Battle",117),("Tanner V. Hardin",118),("Jessamine E. Dennis",119),("Briar X. Hendricks",120),("Zephr O. Yang",121),("Damon W. Sykes",122),("Steven T. Bradley",123),("Sasha Z. Rodgers",124),("Fritz Boyer",125),("Jacqueline Kim",126),("Emmanuel Dean",127),("Britanni Z. Holloway",128),("Unity Rush",129),("Melanie West",130),("Quamar Rowe",131),("Orli M. Simmons",132),("Ishmael W. Dotson",133),("Ryder O. Roman",134),("Jordan V. Sargent",135),("Jonas Mcneil",136),("Tarik Vazquez",137),("Elaine Blake",138),("Jana Colon",139),("Gannon Moses",140),("Addison O. Slater",141),("Lee S. Aguirre",142),("Kylee Z. Wood",143),("Hope Meadows",144),("Laura L. Guerra",145),("Venus L. Dickerson",146),("Leroy Whitehead",147),("Anne Shields",148),("Chaim Guerra",149),("Xerxes Shelton",150),("Grant Farrell",151),("Macon Graves",152),("Kieran Hall",153),("Rhoda S. Gibbs",154),("Marny V. Burris",155),("Emma G. Wong",156),("Anthony Y. Thomas",157),("Sharon Y. Britt",158),("Omar K. Cox",159),("Raymond H. Marquez",160),("Jacob D. Monroe",161),("Judith L. Mays",162),("Lane F. Gonzalez",163),("Finn Matthews",164),("Lila Gilbert",165),("Bree Norris",166),("Jamalia Black",167),("Chloe Barrera",168),("Colleen Mccormick",169),("Igor Herman",170),("Grace I. Walls",171),("Tobias M. Miller",172),("Marcia Cash",173),("Nelle Warner",174),("Jordan Hess",175),("Whitney Spence",176),("Theodore Stephens",177),("Vera Z. Roberson",178),("Norman Cherry",179),("Lillith Gilliam",180),("Amena Barton",181),("Anne Campbell",182),("Aimee S. Dunn",183),("Jason Blevins",184),("Thomas Stephens",185),("Karleigh U. Acevedo",186),("Wallace T. Newman",187),("Claudia Kemp",188),("Miriam Robbins",189),("Charles Y. Delgado",190),("Lani Johns",191),("Colleen Stuart",192),("Hector Mcintyre",193),("Lamar U. Beck",194),("Norman Hancock",195),("Howard Goff",196),("Ainsley Lopez",197),("Howard Santiago",198),("Belle Bullock",199),("Kadeem Arnold",200);
insert or ignore into Course (id, name) values (1, 'Services');
insert or ignore into Course (id, name) values (2, 'Human Resources');
insert or ignore into Course (id, name) values (3, 'Sales');
insert or ignore into Course (id, name) values (4, 'Engineering');
insert or ignore into Course (id, name) values (5, 'Support');
insert or ignore into Course (id, name) values (6, 'Human Resources');
insert or ignore into Course (id, name) values (7, 'Training');
insert or ignore into Course (id, name) values (8, 'Research and Development');
insert or ignore into Course (id, name) values (9, 'Human Resources');
insert or ignore into Course (id, name) values (10, 'Services');
insert or ignore into Student_in_Course (course, student) values (5, 195);
insert or ignore into Student_in_Course (course, student) values (1, 167);
insert or ignore into Student_in_Course (course, student) values (1, 82);
insert or ignore into Student_in_Course (course, student) values (9, 28);
insert or ignore into Student_in_Course (course, student) values (5, 168);
insert or ignore into Student_in_Course (course, student) values (8, 198);
insert or ignore into Student_in_Course (course, student) values (4, 78);
insert or ignore into Student_in_Course (course, student) values (2, 146);
insert or ignore into Student_in_Course (course, student) values (1, 9);
insert or ignore into Student_in_Course (course, student) values (6, 112);
insert or ignore into Student_in_Course (course, student) values (10, 117);
insert or ignore into Student_in_Course (course, student) values (8, 80);
insert or ignore into Student_in_Course (course, student) values (6, 112);
insert or ignore into Student_in_Course (course, student) values (5, 198);
insert or ignore into Student_in_Course (course, student) values (6, 191);
insert or ignore into Student_in_Course (course, student) values (6, 195);
insert or ignore into Student_in_Course (course, student) values (3, 161);
insert or ignore into Student_in_Course (course, student) values (10, 15);
insert or ignore into Student_in_Course (course, student) values (1, 82);
insert or ignore into Student_in_Course (course, student) values (10, 172);
insert or ignore into Student_in_Course (course, student) values (1, 84);
insert or ignore into Student_in_Course (course, student) values (1, 168);
insert or ignore into Student_in_Course (course, student) values (6, 65);
insert or ignore into Student_in_Course (course, student) values (1, 15);
insert or ignore into Student_in_Course (course, student) values (7, 63);
insert or ignore into Student_in_Course (course, student) values (7, 9);
insert or ignore into Student_in_Course (course, student) values (5, 87);
insert or ignore into Student_in_Course (course, student) values (8, 60);
insert or ignore into Student_in_Course (course, student) values (9, 172);
insert or ignore into Student_in_Course (course, student) values (5, 89);
insert or ignore into Student_in_Course (course, student) values (4, 29);
insert or ignore into Student_in_Course (course, student) values (9, 12);
insert or ignore into Student_in_Course (course, student) values (3, 187);
insert or ignore into Student_in_Course (course, student) values (5, 74);
insert or ignore into Student_in_Course (course, student) values (3, 165);
insert or ignore into Student_in_Course (course, student) values (4, 19);
insert or ignore into Student_in_Course (course, student) values (4, 130);
insert or ignore into Student_in_Course (course, student) values (3, 30);
insert or ignore into Student_in_Course (course, student) values (1, 125);
insert or ignore into Student_in_Course (course, student) values (3, 14);
insert or ignore into Student_in_Course (course, student) values (1, 151);
insert or ignore into Student_in_Course (course, student) values (9, 113);
insert or ignore into Student_in_Course (course, student) values (3, 8);
insert or ignore into Student_in_Course (course, student) values (2, 2);
insert or ignore into Student_in_Course (course, student) values (8, 126);
insert or ignore into Student_in_Course (course, student) values (2, 115);
insert or ignore into Student_in_Course (course, student) values (9, 184);
insert or ignore into Student_in_Course (course, student) values (8, 122);
insert or ignore into Student_in_Course (course, student) values (5, 44);
insert or ignore into Student_in_Course (course, student) values (9, 110);
insert or ignore into Student_in_Course (course, student) values (6, 16);
insert or ignore into Student_in_Course (course, student) values (5, 7);
insert or ignore into Student_in_Course (course, student) values (1, 85);
insert or ignore into Student_in_Course (course, student) values (8, 97);
insert or ignore into Student_in_Course (course, student) values (1, 132);
insert or ignore into Student_in_Course (course, student) values (7, 16);
insert or ignore into Student_in_Course (course, student) values (2, 171);
insert or ignore into Student_in_Course (course, student) values (10, 11);
insert or ignore into Student_in_Course (course, student) values (8, 56);
insert or ignore into Student_in_Course (course, student) values (1, 183);
insert or ignore into Student_in_Course (course, student) values (9, 58);
insert or ignore into Student_in_Course (course, student) values (8, 63);
insert or ignore into Student_in_Course (course, student) values (4, 69);
insert or ignore into Student_in_Course (course, student) values (10, 36);
insert or ignore into Student_in_Course (course, student) values (10, 166);
insert or ignore into Student_in_Course (course, student) values (9, 127);
insert or ignore into Student_in_Course (course, student) values (3, 107);
insert or ignore into Student_in_Course (course, student) values (9, 145);
insert or ignore into Student_in_Course (course, student) values (10, 173);
insert or ignore into Student_in_Course (course, student) values (2, 46);
insert or ignore into Student_in_Course (course, student) values (9, 61);
insert or ignore into Student_in_Course (course, student) values (4, 162);
insert or ignore into Student_in_Course (course, student) values (2, 67);
insert or ignore into Student_in_Course (course, student) values (4, 199);
insert or ignore into Student_in_Course (course, student) values (9, 193);
insert or ignore into Student_in_Course (course, student) values (5, 104);
insert or ignore into Student_in_Course (course, student) values (4, 183);
insert or ignore into Student_in_Course (course, student) values (5, 40);
insert or ignore into Student_in_Course (course, student) values (7, 76);
insert or ignore into Student_in_Course (course, student) values (9, 106);
insert or ignore into Student_in_Course (course, student) values (7, 80);
insert or ignore into Student_in_Course (course, student) values (1, 51);
insert or ignore into Student_in_Course (course, student) values (7, 167);
insert or ignore into Student_in_Course (course, student) values (7, 63);
insert or ignore into Student_in_Course (course, student) values (7, 195);
insert or ignore into Student_in_Course (course, student) values (8, 31);
insert or ignore into Student_in_Course (course, student) values (7, 144);
insert or ignore into Student_in_Course (course, student) values (10, 185);
insert or ignore into Student_in_Course (course, student) values (3, 80);
insert or ignore into Student_in_Course (course, student) values (6, 12);
insert or ignore into Student_in_Course (course, student) values (5, 190);
insert or ignore into Student_in_Course (course, student) values (7, 165);
insert or ignore into Student_in_Course (course, student) values (8, 188);
insert or ignore into Student_in_Course (course, student) values (1, 12);
insert or ignore into Student_in_Course (course, student) values (5, 59);
insert or ignore into Student_in_Course (course, student) values (1, 4);
insert or ignore into Student_in_Course (course, student) values (5, 151);
insert or ignore into Student_in_Course (course, student) values (3, 184);
insert or ignore into Student_in_Course (course, student) values (6, 103);
insert or ignore into Student_in_Course (course, student) values (2, 41);
insert or ignore into Student_in_Course (course, student) values (1, 68);
insert or ignore into Student_in_Course (course, student) values (3, 62);
insert or ignore into Student_in_Course (course, student) values (3, 160);
insert or ignore into Student_in_Course (course, student) values (8, 78);
insert or ignore into Student_in_Course (course, student) values (2, 13);
insert or ignore into Student_in_Course (course, student) values (9, 161);
insert or ignore into Student_in_Course (course, student) values (7, 158);
insert or ignore into Student_in_Course (course, student) values (6, 69);
insert or ignore into Student_in_Course (course, student) values (10, 42);
insert or ignore into Student_in_Course (course, student) values (9, 77);
insert or ignore into Student_in_Course (course, student) values (1, 62);
insert or ignore into Student_in_Course (course, student) values (3, 17);
insert or ignore into Student_in_Course (course, student) values (4, 123);
insert or ignore into Student_in_Course (course, student) values (4, 138);
insert or ignore into Student_in_Course (course, student) values (10, 181);
insert or ignore into Student_in_Course (course, student) values (4, 24);
insert or ignore into Student_in_Course (course, student) values (7, 167);
insert or ignore into Student_in_Course (course, student) values (2, 43);
insert or ignore into Student_in_Course (course, student) values (8, 72);
insert or ignore into Student_in_Course (course, student) values (6, 80);
insert or ignore into Student_in_Course (course, student) values (2, 35);
insert or ignore into Student_in_Course (course, student) values (3, 131);
insert or ignore into Student_in_Course (course, student) values (5, 147);
insert or ignore into Student_in_Course (course, student) values (3, 19);
insert or ignore into Student_in_Course (course, student) values (1, 105);
insert or ignore into Student_in_Course (course, student) values (5, 155);
insert or ignore into Student_in_Course (course, student) values (4, 139);
insert or ignore into Student_in_Course (course, student) values (9, 131);
insert or ignore into Student_in_Course (course, student) values (2, 23);
insert or ignore into Student_in_Course (course, student) values (6, 36);
insert or ignore into Student_in_Course (course, student) values (5, 184);
insert or ignore into Student_in_Course (course, student) values (9, 146);
insert or ignore into Student_in_Course (course, student) values (5, 156);
insert or ignore into Student_in_Course (course, student) values (4, 54);
insert or ignore into Student_in_Course (course, student) values (5, 153);
insert or ignore into Student_in_Course (course, student) values (5, 85);
insert or ignore into Student_in_Course (course, student) values (2, 64);
insert or ignore into Student_in_Course (course, student) values (4, 2);
insert or ignore into Student_in_Course (course, student) values (1, 195);
insert or ignore into Student_in_Course (course, student) values (9, 73);
insert or ignore into Student_in_Course (course, student) values (3, 83);
insert or ignore into Student_in_Course (course, student) values (6, 121);
insert or ignore into Student_in_Course (course, student) values (3, 27);
insert or ignore into Student_in_Course (course, student) values (5, 175);
insert or ignore into Student_in_Course (course, student) values (7, 65);
insert or ignore into Student_in_Course (course, student) values (3, 81);
insert or ignore into Student_in_Course (course, student) values (10, 184);
insert or ignore into Student_in_Course (course, student) values (2, 7);
insert or ignore into Student_in_Course (course, student) values (8, 127);
insert or ignore into Student_in_Course (course, student) values (10, 68);
insert or ignore into Student_in_Course (course, student) values (7, 157);
insert or ignore into Student_in_Course (course, student) values (10, 68);
insert or ignore into Student_in_Course (course, student) values (6, 79);
insert or ignore into Student_in_Course (course, student) values (6, 100);
insert or ignore into Student_in_Course (course, student) values (5, 118);
insert or ignore into Student_in_Course (course, student) values (5, 89);
insert or ignore into Student_in_Course (course, student) values (9, 164);
insert or ignore into Student_in_Course (course, student) values (4, 167);
insert or ignore into Student_in_Course (course, student) values (7, 64);
insert or ignore into Student_in_Course (course, student) values (7, 134);
insert or ignore into Student_in_Course (course, student) values (8, 80);
insert or ignore into Student_in_Course (course, student) values (10, 15);
insert or ignore into Student_in_Course (course, student) values (1, 120);
insert or ignore into Student_in_Course (course, student) values (9, 56);
insert or ignore into Student_in_Course (course, student) values (7, 93);
insert or ignore into Student_in_Course (course, student) values (8, 92);
insert or ignore into Student_in_Course (course, student) values (1, 168);
insert or ignore into Student_in_Course (course, student) values (9, 66);
insert or ignore into Student_in_Course (course, student) values (9, 23);
insert or ignore into Student_in_Course (course, student) values (3, 139);
insert or ignore into Student_in_Course (course, student) values (1, 140);
insert or ignore into Student_in_Course (course, student) values (7, 191);
insert or ignore into Student_in_Course (course, student) values (10, 145);
insert or ignore into Student_in_Course (course, student) values (3, 156);
insert or ignore into Student_in_Course (course, student) values (6, 143);
insert or ignore into Student_in_Course (course, student) values (3, 106);
insert or ignore into Student_in_Course (course, student) values (1, 136);
insert or ignore into Student_in_Course (course, student) values (7, 129);
insert or ignore into Student_in_Course (course, student) values (8, 94);
insert or ignore into Student_in_Course (course, student) values (2, 35);
insert or ignore into Student_in_Course (course, student) values (1, 178);
insert or ignore into Student_in_Course (course, student) values (10, 56);
insert or ignore into Student_in_Course (course, student) values (6, 31);
insert or ignore into Student_in_Course (course, student) values (10, 124);
insert or ignore into Student_in_Course (course, student) values (7, 95);
insert or ignore into Student_in_Course (course, student) values (5, 82);
insert or ignore into Student_in_Course (course, student) values (7, 92);
insert or ignore into Student_in_Course (course, student) values (8, 7);
insert or ignore into Student_in_Course (course, student) values (6, 73);
insert or ignore into Student_in_Course (course, student) values (5, 189);
insert or ignore into Student_in_Course (course, student) values (7, 158);
insert or ignore into Student_in_Course (course, student) values (2, 28);
insert or ignore into Student_in_Course (course, student) values (7, 24);
insert or ignore into Student_in_Course (course, student) values (4, 112);
insert or ignore into Student_in_Course (course, student) values (10, 131);
insert or ignore into Student_in_Course (course, student) values (7, 88);
insert or ignore into Student_in_Course (course, student) values (8, 150);
insert or ignore into Student_in_Course (course, student) values (1, 32);
insert or ignore into Student_in_Course (course, student) values (5, 120);
insert or ignore into Student_in_Course (course, student) values (5, 9);
insert or ignore into Student_in_Course (course, student) values (10, 32);
insert or ignore into Student_in_Course (course, student) values (6, 141);
insert or ignore into Student_in_Course (course, student) values (10, 82);
insert or ignore into Student_in_Course (course, student) values (4, 178);
insert or ignore into Student_in_Course (course, student) values (10, 142);
insert or ignore into Student_in_Course (course, student) values (8, 45);
insert or ignore into Student_in_Course (course, student) values (3, 45);
insert or ignore into Student_in_Course (course, student) values (8, 2);
insert or ignore into Student_in_Course (course, student) values (3, 42);
insert or ignore into Student_in_Course (course, student) values (8, 174);
insert or ignore into Student_in_Course (course, student) values (7, 67);
insert or ignore into Student_in_Course (course, student) values (6, 101);
insert or ignore into Student_in_Course (course, student) values (3, 159);
insert or ignore into Student_in_Course (course, student) values (7, 69);
insert or ignore into Student_in_Course (course, student) values (2, 40);
insert or ignore into Student_in_Course (course, student) values (7, 99);
insert or ignore into Student_in_Course (course, student) values (6, 27);
insert or ignore into Student_in_Course (course, student) values (6, 130);
insert or ignore into Student_in_Course (course, student) values (4, 111);
insert or ignore into Student_in_Course (course, student) values (2, 192);
insert or ignore into Student_in_Course (course, student) values (4, 55);
insert or ignore into Student_in_Course (course, student) values (6, 147);
insert or ignore into Student_in_Course (course, student) values (3, 89);
insert or ignore into Student_in_Course (course, student) values (6, 128);
insert or ignore into Student_in_Course (course, student) values (4, 115);
insert or ignore into Student_in_Course (course, student) values (3, 10);
insert or ignore into Student_in_Course (course, student) values (5, 29);
insert or ignore into Student_in_Course (course, student) values (1, 173);
insert or ignore into Student_in_Course (course, student) values (6, 66);
insert or ignore into Student_in_Course (course, student) values (8, 130);
insert or ignore into Student_in_Course (course, student) values (10, 172);
insert or ignore into Student_in_Course (course, student) values (7, 123);
insert or ignore into Student_in_Course (course, student) values (8, 70);
insert or ignore into Student_in_Course (course, student) values (10, 16);
insert or ignore into Student_in_Course (course, student) values (2, 72);
insert or ignore into Student_in_Course (course, student) values (8, 191);
insert or ignore into Student_in_Course (course, student) values (8, 138);
insert or ignore into Student_in_Course (course, student) values (5, 86);
insert or ignore into Student_in_Course (course, student) values (3, 125);
insert or ignore into Student_in_Course (course, student) values (5, 111);
insert or ignore into Student_in_Course (course, student) values (7, 67);
insert or ignore into Student_in_Course (course, student) values (4, 3);
insert or ignore into Student_in_Course (course, student) values (5, 52);
insert or ignore into Student_in_Course (course, student) values (7, 7);
insert or ignore into Student_in_Course (course, student) values (3, 43);
insert or ignore into Student_in_Course (course, student) values (9, 120);
insert or ignore into Student_in_Course (course, student) values (2, 199);
insert or ignore into Student_in_Course (course, student) values (5, 40);
insert or ignore into Student_in_Course (course, student) values (9, 151);
insert or ignore into Student_in_Course (course, student) values (4, 189);
insert or ignore into Student_in_Course (course, student) values (3, 51);
insert or ignore into Student_in_Course (course, student) values (9, 24);
insert or ignore into Student_in_Course (course, student) values (10, 159);
insert or ignore into Student_in_Course (course, student) values (6, 178);
insert or ignore into Student_in_Course (course, student) values (7, 136);
insert or ignore into Student_in_Course (course, student) values (10, 170);
insert or ignore into Student_in_Course (course, student) values (1, 152);
insert or ignore into Student_in_Course (course, student) values (5, 171);
insert or ignore into Student_in_Course (course, student) values (5, 185);
insert or ignore into Student_in_Course (course, student) values (4, 174);
insert or ignore into Student_in_Course (course, student) values (8, 163);
insert or ignore into Student_in_Course (course, student) values (9, 117);
insert or ignore into Student_in_Course (course, student) values (4, 8);
insert or ignore into Student_in_Course (course, student) values (3, 59);
insert or ignore into Student_in_Course (course, student) values (3, 191);
insert or ignore into Student_in_Course (course, student) values (10, 130);
insert or ignore into Student_in_Course (course, student) values (5, 136);
insert or ignore into Student_in_Course (course, student) values (7, 133);
insert or ignore into Student_in_Course (course, student) values (1, 126);
insert or ignore into Student_in_Course (course, student) values (5, 40);
insert or ignore into Student_in_Course (course, student) values (6, 194);
insert or ignore into Student_in_Course (course, student) values (2, 136);
insert or ignore into Student_in_Course (course, student) values (2, 65);
insert or ignore into Student_in_Course (course, student) values (7, 109);
insert or ignore into Student_in_Course (course, student) values (2, 50);
insert or ignore into Student_in_Course (course, student) values (6, 112);
insert or ignore into Student_in_Course (course, student) values (7, 116);
insert or ignore into Student_in_Course (course, student) values (3, 131);
insert or ignore into Student_in_Course (course, student) values (10, 88);
insert or ignore into Student_in_Course (course, student) values (6, 196);
insert or ignore into Student_in_Course (course, student) values (8, 135);
insert or ignore into Student_in_Course (course, student) values (1, 122);
insert or ignore into Student_in_Course (course, student) values (1, 33);
insert or ignore into Student_in_Course (course, student) values (7, 1);
insert or ignore into Student_in_Course (course, student) values (10, 52);
insert or ignore into Student_in_Course (course, student) values (1, 185);
insert or ignore into Student_in_Course (course, student) values (3, 84);
insert or ignore into Student_in_Course (course, student) values (9, 65);
insert or ignore into Student_in_Course (course, student) values (5, 131);
insert or ignore into Student_in_Course (course, student) values (6, 103);
insert or ignore into Student_in_Course (course, student) values (5, 143);
insert or ignore into Student_in_Course (course, student) values (8, 18);
insert or ignore into Student_in_Course (course, student) values (9, 12);
insert or ignore into Student_in_Course (course, student) values (5, 5);
insert or ignore into Student_in_Course (course, student) values (2, 52);
insert or ignore into Student_in_Course (course, student) values (3, 99);
insert or ignore into Student_in_Course (course, student) values (1, 83);
insert or ignore into Student_in_Course (course, student) values (8, 75);
insert or ignore into Student_in_Course (course, student) values (9, 7);
insert or ignore into Student_in_Course (course, student) values (8, 101);
insert or ignore into Student_in_Course (course, student) values (2, 23);
insert or ignore into Student_in_Course (course, student) values (8, 92);
insert or ignore into Student_in_Course (course, student) values (1, 188);
insert or ignore into Student_in_Course (course, student) values (6, 161);
insert or ignore into Student_in_Course (course, student) values (10, 15);
insert or ignore into Student_in_Course (course, student) values (10, 136);
insert or ignore into Student_in_Course (course, student) values (2, 55);
insert or ignore into Student_in_Course (course, student) values (9, 20);
insert or ignore into Student_in_Course (course, student) values (9, 199);
insert or ignore into Student_in_Course (course, student) values (5, 187);
insert or ignore into Student_in_Course (course, student) values (8, 69);
insert or ignore into Student_in_Course (course, student) values (1, 55);
insert or ignore into Student_in_Course (course, student) values (5, 90);
insert or ignore into Student_in_Course (course, student) values (3, 46);
insert or ignore into Student_in_Course (course, student) values (1, 184);
insert or ignore into Student_in_Course (course, student) values (8, 85);
insert or ignore into Student_in_Course (course, student) values (7, 45);
insert or ignore into Student_in_Course (course, student) values (10, 78);
insert or ignore into Student_in_Course (course, student) values (10, 75);
insert or ignore into Student_in_Course (course, student) values (2, 66);
insert or ignore into Student_in_Course (course, student) values (3, 125);
insert or ignore into Student_in_Course (course, student) values (7, 64);
insert or ignore into Student_in_Course (course, student) values (6, 41);
insert or ignore into Student_in_Course (course, student) values (2, 105);
insert or ignore into Student_in_Course (course, student) values (8, 75);
insert or ignore into Student_in_Course (course, student) values (8, 140);
insert or ignore into Student_in_Course (course, student) values (3, 40);
insert or ignore into Student_in_Course (course, student) values (8, 192);
insert or ignore into Student_in_Course (course, student) values (5, 182);
insert or ignore into Student_in_Course (course, student) values (9, 142);
insert or ignore into Student_in_Course (course, student) values (9, 116);
insert or ignore into Student_in_Course (course, student) values (2, 79);
insert or ignore into Student_in_Course (course, student) values (10, 33);
insert or ignore into Student_in_Course (course, student) values (3, 49);
insert or ignore into Student_in_Course (course, student) values (9, 147);
insert or ignore into Student_in_Course (course, student) values (9, 179);
insert or ignore into Student_in_Course (course, student) values (7, 81);
insert or ignore into Student_in_Course (course, student) values (9, 65);
insert or ignore into Student_in_Course (course, student) values (8, 69);
insert or ignore into Student_in_Course (course, student) values (4, 84);
insert or ignore into Student_in_Course (course, student) values (10, 6);
insert or ignore into Student_in_Course (course, student) values (9, 152);
insert or ignore into Student_in_Course (course, student) values (3, 51);
insert or ignore into Student_in_Course (course, student) values (8, 78);
insert or ignore into Student_in_Course (course, student) values (8, 113);
insert or ignore into Student_in_Course (course, student) values (7, 45);
insert or ignore into Student_in_Course (course, student) values (2, 14);
insert or ignore into Student_in_Course (course, student) values (5, 164);
insert or ignore into Student_in_Course (course, student) values (1, 50);
insert or ignore into Student_in_Course (course, student) values (1, 119);
insert or ignore into Student_in_Course (course, student) values (4, 36);
insert or ignore into Student_in_Course (course, student) values (6, 113);
insert or ignore into Student_in_Course (course, student) values (5, 154);
insert or ignore into Student_in_Course (course, student) values (5, 102);
insert or ignore into Student_in_Course (course, student) values (7, 6);
insert or ignore into Student_in_Course (course, student) values (3, 29);
insert or ignore into Student_in_Course (course, student) values (4, 81);
insert or ignore into Student_in_Course (course, student) values (3, 150);
insert or ignore into Student_in_Course (course, student) values (5, 175);
insert or ignore into Student_in_Course (course, student) values (3, 191);
insert or ignore into Student_in_Course (course, student) values (4, 145);
insert or ignore into Student_in_Course (course, student) values (6, 23);
insert or ignore into Student_in_Course (course, student) values (9, 185);
insert or ignore into Student_in_Course (course, student) values (6, 93);
insert or ignore into Student_in_Course (course, student) values (10, 167);
insert or ignore into Student_in_Course (course, student) values (10, 146);
insert or ignore into Student_in_Course (course, student) values (6, 51);
insert or ignore into Student_in_Course (course, student) values (10, 8);
insert or ignore into Student_in_Course (course, student) values (8, 21);
insert or ignore into Student_in_Course (course, student) values (2, 43);
insert or ignore into Student_in_Course (course, student) values (3, 89);
insert or ignore into Student_in_Course (course, student) values (3, 97);
insert or ignore into Student_in_Course (course, student) values (4, 190);
insert or ignore into Student_in_Course (course, student) values (1, 193);
insert or ignore into Student_in_Course (course, student) values (2, 156);
insert or ignore into Student_in_Course (course, student) values (8, 109);
insert or ignore into Student_in_Course (course, student) values (6, 114);
insert or ignore into Student_in_Course (course, student) values (2, 84);
insert or ignore into Student_in_Course (course, student) values (5, 149);
insert or ignore into Student_in_Course (course, student) values (1, 108);
insert or ignore into Student_in_Course (course, student) values (2, 26);
insert or ignore into Student_in_Course (course, student) values (5, 110);
insert or ignore into Student_in_Course (course, student) values (10, 196);
insert or ignore into Student_in_Course (course, student) values (3, 7);
insert or ignore into Student_in_Course (course, student) values (5, 172);
insert or ignore into Student_in_Course (course, student) values (2, 143);
insert or ignore into Student_in_Course (course, student) values (1, 44);
insert or ignore into Student_in_Course (course, student) values (10, 198);
insert or ignore into Student_in_Course (course, student) values (6, 176);
insert or ignore into Student_in_Course (course, student) values (10, 82);
insert or ignore into Student_in_Course (course, student) values (6, 7);
insert or ignore into Student_in_Course (course, student) values (8, 12);
insert or ignore into Student_in_Course (course, student) values (2, 28);
insert or ignore into Student_in_Course (course, student) values (1, 2);
insert or ignore into Student_in_Course (course, student) values (4, 13);
insert or ignore into Student_in_Course (course, student) values (1, 89);
insert or ignore into Student_in_Course (course, student) values (1, 100);
insert or ignore into Student_in_Course (course, student) values (8, 46);
insert or ignore into Student_in_Course (course, student) values (7, 88);
insert or ignore into Student_in_Course (course, student) values (6, 157);
insert or ignore into Student_in_Course (course, student) values (7, 112);
insert or ignore into Student_in_Course (course, student) values (10, 137);
insert or ignore into Student_in_Course (course, student) values (1, 55);
insert or ignore into Student_in_Course (course, student) values (5, 178);
insert or ignore into Student_in_Course (course, student) values (8, 181);
insert or ignore into Student_in_Course (course, student) values (2, 62);
insert or ignore into Student_in_Course (course, student) values (5, 24);
insert or ignore into Student_in_Course (course, student) values (4, 23);
insert or ignore into Student_in_Course (course, student) values (8, 126);
insert or ignore into Student_in_Course (course, student) values (3, 156);
insert or ignore into Student_in_Course (course, student) values (6, 165);
insert or ignore into Student_in_Course (course, student) values (1, 183);
insert or ignore into Student_in_Course (course, student) values (3, 199);
insert or ignore into Student_in_Course (course, student) values (1, 6);
insert or ignore into Student_in_Course (course, student) values (10, 151);
insert or ignore into Student_in_Course (course, student) values (6, 23);
insert or ignore into Student_in_Course (course, student) values (3, 180);
insert or ignore into Student_in_Course (course, student) values (8, 129);
insert or ignore into Student_in_Course (course, student) values (7, 69);
insert or ignore into Student_in_Course (course, student) values (5, 49);
insert or ignore into Student_in_Course (course, student) values (3, 71);
insert or ignore into Student_in_Course (course, student) values (10, 17);
insert or ignore into Student_in_Course (course, student) values (6, 96);
insert or ignore into Student_in_Course (course, student) values (6, 26);
insert or ignore into Student_in_Course (course, student) values (5, 66);
insert or ignore into Student_in_Course (course, student) values (6, 195);
insert or ignore into Student_in_Course (course, student) values (5, 153);
insert or ignore into Student_in_Course (course, student) values (7, 137);
insert or ignore into Student_in_Course (course, student) values (3, 157);
insert or ignore into Student_in_Course (course, student) values (3, 46);
insert or ignore into Student_in_Course (course, student) values (6, 57);
insert or ignore into Student_in_Course (course, student) values (10, 9);
insert or ignore into Student_in_Course (course, student) values (4, 171);
insert or ignore into Student_in_Course (course, student) values (9, 118);
insert or ignore into Student_in_Course (course, student) values (1, 37);
insert or ignore into Student_in_Course (course, student) values (1, 98);
insert or ignore into Student_in_Course (course, student) values (1, 176);
insert or ignore into Student_in_Course (course, student) values (6, 183);
insert or ignore into Student_in_Course (course, student) values (4, 133);
insert or ignore into Student_in_Course (course, student) values (3, 29);
insert or ignore into Student_in_Course (course, student) values (1, 171);
insert or ignore into Student_in_Course (course, student) values (7, 177);
insert or ignore into Student_in_Course (course, student) values (7, 177);
insert or ignore into Student_in_Course (course, student) values (6, 50);
insert or ignore into Student_in_Course (course, student) values (5, 158);
insert or ignore into Student_in_Course (course, student) values (2, 85);
insert or ignore into Student_in_Course (course, student) values (3, 94);
insert or ignore into Student_in_Course (course, student) values (3, 172);
insert or ignore into Student_in_Course (course, student) values (5, 144);
insert or ignore into Student_in_Course (course, student) values (10, 131);
insert or ignore into Student_in_Course (course, student) values (6, 181);
insert or ignore into Student_in_Course (course, student) values (7, 86);
insert or ignore into Student_in_Course (course, student) values (3, 142);
insert or ignore into Student_in_Course (course, student) values (8, 161);
insert or ignore into Student_in_Course (course, student) values (10, 120);
insert or ignore into Student_in_Course (course, student) values (10, 69);
insert or ignore into Student_in_Course (course, student) values (3, 198);
insert or ignore into Student_in_Course (course, student) values (4, 165);
insert or ignore into Student_in_Course (course, student) values (5, 187);
insert or ignore into Student_in_Course (course, student) values (6, 86);
insert or ignore into Student_in_Course (course, student) values (2, 73);
insert or ignore into Student_in_Course (course, student) values (6, 175);
insert or ignore into Student_in_Course (course, student) values (6, 172);
insert or ignore into Student_in_Course (course, student) values (6, 9);
insert or ignore into Student_in_Course (course, student) values (10, 112);
insert or ignore into Student_in_Course (course, student) values (8, 129);
insert or ignore into Student_in_Course (course, student) values (6, 32);
insert or ignore into Student_in_Course (course, student) values (4, 153);
insert or ignore into Student_in_Course (course, student) values (4, 46);
insert or ignore into Student_in_Course (course, student) values (9, 14);
insert or ignore into Student_in_Course (course, student) values (7, 181);
insert or ignore into Student_in_Course (course, student) values (10, 93);
insert or ignore into Student_in_Course (course, student) values (2, 72);
insert or ignore into Student_in_Course (course, student) values (4, 11);
insert or ignore into Student_in_Course (course, student) values (4, 200);
insert or ignore into Student_in_Course (course, student) values (3, 53);
insert or ignore into Student_in_Course (course, student) values (2, 22);
insert or ignore into Student_in_Course (course, student) values (6, 128);
insert or ignore into Student_in_Course (course, student) values (5, 171);
insert or ignore into Student_in_Course (course, student) values (6, 182);
insert or ignore into Student_in_Course (course, student) values (1, 91);
insert or ignore into Student_in_Course (course, student) values (10, 44);
insert or ignore into Student_in_Course (course, student) values (5, 134);
insert or ignore into Student_in_Course (course, student) values (9, 142);
insert or ignore into Student_in_Course (course, student) values (10, 113);
insert or ignore into Student_in_Course (course, student) values (5, 113);
insert or ignore into Student_in_Course (course, student) values (2, 5);
insert or ignore into Student_in_Course (course, student) values (8, 77);
insert or ignore into Student_in_Course (course, student) values (5, 94);
insert or ignore into Student_in_Course (course, student) values (7, 14);
insert or ignore into Student_in_Course (course, student) values (7, 129);
insert or ignore into Student_in_Course (course, student) values (6, 115);
insert or ignore into Student_in_Course (course, student) values (6, 170);
insert or ignore into Student_in_Course (course, student) values (3, 163);
insert or ignore into Student_in_Course (course, student) values (8, 161);
insert or ignore into Student_in_Course (course, student) values (10, 180);
insert or ignore into Student_in_Course (course, student) values (1, 111);
insert or ignore into Student_in_Course (course, student) values (4, 45);
insert or ignore into Student_in_Course (course, student) values (10, 54);
insert or ignore into Student_in_Course (course, student) values (9, 185);
insert or ignore into Student_in_Course (course, student) values (7, 12);
insert or ignore into Student_in_Course (course, student) values (7, 166);
insert or ignore into Student_in_Course (course, student) values (7, 196);
insert or ignore into Student_in_Course (course, student) values (9, 104);
insert or ignore into Student_in_Course (course, student) values (1, 140);
insert or ignore into Student_in_Course (course, student) values (4, 126);
insert or ignore into Student_in_Course (course, student) values (1, 66);
insert or ignore into Student_in_Course (course, student) values (8, 30);
insert or ignore into Student_in_Course (course, student) values (1, 17);
insert or ignore into Student_in_Course (course, student) values (3, 23);
insert or ignore into Student_in_Course (course, student) values (6, 99);
insert or ignore into Student_in_Course (course, student) values (10, 48);
insert or ignore into Student_in_Course (course, student) values (9, 56);
insert or ignore into Student_in_Course (course, student) values (4, 108);
insert or ignore into Student_in_Course (course, student) values (1, 27);
insert or ignore into Student_in_Course (course, student) values (9, 82);
insert or ignore into Student_in_Course (course, student) values (9, 116);
insert or ignore into Student_in_Course (course, student) values (7, 86);
insert or ignore into Student_in_Course (course, student) values (4, 76);
insert or ignore into Student_in_Course (course, student) values (3, 145);
insert or ignore into Student_in_Course (course, student) values (3, 152);
insert or ignore into Student_in_Course (course, student) values (1, 57);
insert or ignore into Student_in_Course (course, student) values (3, 39);
insert or ignore into Student_in_Course (course, student) values (5, 71);
insert or ignore into Student_in_Course (course, student) values (2, 60);
insert or ignore into Student_in_Course (course, student) values (8, 88);
insert or ignore into Student_in_Course (course, student) values (8, 36);
insert or ignore into Student_in_Course (course, student) values (1, 179);
insert or ignore into Student_in_Course (course, student) values (3, 33);
insert or ignore into Student_in_Course (course, student) values (4, 102);
insert or ignore into Student_in_Course (course, student) values (10, 46);
insert or ignore into Student_in_Course (course, student) values (9, 103);
insert or ignore into Student_in_Course (course, student) values (2, 171);
insert or ignore into Student_in_Course (course, student) values (4, 164);
insert or ignore into Student_in_Course (course, student) values (3, 187);
insert or ignore into Student_in_Course (course, student) values (3, 107);
insert or ignore into Student_in_Course (course, student) values (8, 84);
insert or ignore into Student_in_Course (course, student) values (7, 34);
insert or ignore into Student_in_Course (course, student) values (6, 150);
insert or ignore into Student_in_Course (course, student) values (5, 82);
insert or ignore into Student_in_Course (course, student) values (7, 104);
insert or ignore into Student_in_Course (course, student) values (5, 126);
insert or ignore into Student_in_Course (course, student) values (2, 67);
insert or ignore into Student_in_Course (course, student) values (6, 77);
insert or ignore into Student_in_Course (course, student) values (9, 186);
insert or ignore into Student_in_Course (course, student) values (1, 68);
insert or ignore into Student_in_Course (course, student) values (3, 156);
insert or ignore into Student_in_Course (course, student) values (2, 185);
insert or ignore into Student_in_Course (course, student) values (4, 195);
insert or ignore into Student_in_Course (course, student) values (1, 66);
insert or ignore into Student_in_Course (course, student) values (1, 124);
insert or ignore into Student_in_Course (course, student) values (9, 67);
insert or ignore into Student_in_Course (course, student) values (9, 81);
insert or ignore into Student_in_Course (course, student) values (10, 63);
insert or ignore into Student_in_Course (course, student) values (9, 198);
insert or ignore into Student_in_Course (course, student) values (3, 100);
insert or ignore into Student_in_Course (course, student) values (9, 37);
insert or ignore into Student_in_Course (course, student) values (1, 52);
insert or ignore into Student_in_Course (course, student) values (5, 82);
insert or ignore into Student_in_Course (course, student) values (8, 6);
insert or ignore into Student_in_Course (course, student) values (3, 94);
insert or ignore into Student_in_Course (course, student) values (5, 145);
insert or ignore into Student_in_Course (course, student) values (4, 96);
insert or ignore into Student_in_Course (course, student) values (8, 113);
insert or ignore into Student_in_Course (course, student) values (7, 17);
insert or ignore into Student_in_Course (course, student) values (7, 133);
insert or ignore into Student_in_Course (course, student) values (2, 158);
insert or ignore into Student_in_Course (course, student) values (10, 74);
insert or ignore into Student_in_Course (course, student) values (10, 194);
insert or ignore into Student_in_Course (course, student) values (1, 75);
insert or ignore into Student_in_Course (course, student) values (5, 160);
insert or ignore into Student_in_Course (course, student) values (6, 21);
insert or ignore into Student_in_Course (course, student) values (10, 162);
insert or ignore into Student_in_Course (course, student) values (3, 122);
insert or ignore into Student_in_Course (course, student) values (5, 35);
insert or ignore into Student_in_Course (course, student) values (10, 63);
insert or ignore into Student_in_Course (course, student) values (4, 28);
insert or ignore into Student_in_Course (course, student) values (1, 131);
insert or ignore into Student_in_Course (course, student) values (5, 73);
insert or ignore into Student_in_Course (course, student) values (7, 80);
insert or ignore into Student_in_Course (course, student) values (7, 34);
insert or ignore into Student_in_Course (course, student) values (9, 94);
insert or ignore into Student_in_Course (course, student) values (4, 131);
insert or ignore into Student_in_Course (course, student) values (4, 107);
insert or ignore into Student_in_Course (course, student) values (1, 9);
insert or ignore into Student_in_Course (course, student) values (4, 43);
insert or ignore into Student_in_Course (course, student) values (6, 141);
insert or ignore into Student_in_Course (course, student) values (1, 61);
insert or ignore into Student_in_Course (course, student) values (8, 197);
insert or ignore into Student_in_Course (course, student) values (7, 185);
insert or ignore into Student_in_Course (course, student) values (7, 7);
insert or ignore into Student_in_Course (course, student) values (8, 101);
insert or ignore into Student_in_Course (course, student) values (2, 178);
insert or ignore into Student_in_Course (course, student) values (5, 92);
insert or ignore into Student_in_Course (course, student) values (8, 117);
insert or ignore into Student_in_Course (course, student) values (10, 172);
insert or ignore into Student_in_Course (course, student) values (10, 167);
insert or ignore into Student_in_Course (course, student) values (9, 58);
insert or ignore into Student_in_Course (course, student) values (8, 165);
insert or ignore into Student_in_Course (course, student) values (5, 122);
insert or ignore into Student_in_Course (course, student) values (3, 147);
insert or ignore into Student_in_Course (course, student) values (3, 181);
insert or ignore into Student_in_Course (course, student) values (5, 161);
insert or ignore into Student_in_Course (course, student) values (1, 117);
insert or ignore into Student_in_Course (course, student) values (4, 200);
insert or ignore into Student_in_Course (course, student) values (7, 27);
insert or ignore into Student_in_Course (course, student) values (2, 117);
insert or ignore into Student_in_Course (course, student) values (4, 169);
insert or ignore into Student_in_Course (course, student) values (8, 37);
insert or ignore into Student_in_Course (course, student) values (3, 30);
insert or ignore into Student_in_Course (course, student) values (6, 74);
insert or ignore into Student_in_Course (course, student) values (9, 74);
insert or ignore into Student_in_Course (course, student) values (9, 20);
insert or ignore into Student_in_Course (course, student) values (1, 58);
insert or ignore into Student_in_Course (course, student) values (4, 156);
insert or ignore into Student_in_Course (course, student) values (4, 67);
insert or ignore into Student_in_Course (course, student) values (10, 96);
insert or ignore into Student_in_Course (course, student) values (2, 142);
insert or ignore into Student_in_Course (course, student) values (7, 161);
insert or ignore into Student_in_Course (course, student) values (10, 98);
insert or ignore into Student_in_Course (course, student) values (5, 155);
insert or ignore into Student_in_Course (course, student) values (2, 12);
insert or ignore into Student_in_Course (course, student) values (3, 16);
insert or ignore into Student_in_Course (course, student) values (3, 36);
insert or ignore into Student_in_Course (course, student) values (10, 157);
insert or ignore into Student_in_Course (course, student) values (9, 81);
insert or ignore into Student_in_Course (course, student) values (1, 58);
insert or ignore into Student_in_Course (course, student) values (5, 21);
insert or ignore into Student_in_Course (course, student) values (6, 161);
insert or ignore into Student_in_Course (course, student) values (8, 160);
insert or ignore into Student_in_Course (course, student) values (1, 155);
insert or ignore into Student_in_Course (course, student) values (4, 157);
insert or ignore into Student_in_Course (course, student) values (8, 59);
insert or ignore into Student_in_Course (course, student) values (9, 65);
insert or ignore into Student_in_Course (course, student) values (4, 125);
insert or ignore into Student_in_Course (course, student) values (10, 162);
insert or ignore into Student_in_Course (course, student) values (3, 105);
insert or ignore into Student_in_Course (course, student) values (6, 81);
insert or ignore into Student_in_Course (course, student) values (4, 181);
insert or ignore into Student_in_Course (course, student) values (9, 127);
insert or ignore into Student_in_Course (course, student) values (7, 55);
insert or ignore into Student_in_Course (course, student) values (4, 101);
insert or ignore into Student_in_Course (course, student) values (1, 37);
insert or ignore into Student_in_Course (course, student) values (3, 16);
insert or ignore into Student_in_Course (course, student) values (4, 189);
insert or ignore into Student_in_Course (course, student) values (4, 32);
insert or ignore into Student_in_Course (course, student) values (9, 182);
insert or ignore into Student_in_Course (course, student) values (8, 34);
insert or ignore into Student_in_Course (course, student) values (5, 86);
insert or ignore into Student_in_Course (course, student) values (3, 100);
insert or ignore into Student_in_Course (course, student) values (4, 77);
insert or ignore into Student_in_Course (course, student) values (3, 193);
insert or ignore into Student_in_Course (course, student) values (7, 51);
insert or ignore into Student_in_Course (course, student) values (8, 114);
insert or ignore into Student_in_Course (course, student) values (9, 11);
insert or ignore into Student_in_Course (course, student) values (4, 170);
insert or ignore into Student_in_Course (course, student) values (4, 177);
insert or ignore into Student_in_Course (course, student) values (5, 28);
insert or ignore into Student_in_Course (course, student) values (5, 142);
insert or ignore into Student_in_Course (course, student) values (9, 166);
insert or ignore into Student_in_Course (course, student) values (3, 113);
insert or ignore into Student_in_Course (course, student) values (5, 153);
insert or ignore into Student_in_Course (course, student) values (4, 141);
insert or ignore into Student_in_Course (course, student) values (6, 60);
insert or ignore into Student_in_Course (course, student) values (6, 137);
insert or ignore into Student_in_Course (course, student) values (6, 58);
insert or ignore into Student_in_Course (course, student) values (6, 22);
insert or ignore into Student_in_Course (course, student) values (8, 106);
insert or ignore into Student_in_Course (course, student) values (9, 194);
insert or ignore into Student_in_Course (course, student) values (9, 82);
insert or ignore into Student_in_Course (course, student) values (6, 41);
insert or ignore into Student_in_Course (course, student) values (1, 154);
insert or ignore into Student_in_Course (course, student) values (4, 135);
insert or ignore into Student_in_Course (course, student) values (5, 136);
insert or ignore into Student_in_Course (course, student) values (1, 119);
insert or ignore into Student_in_Course (course, student) values (4, 94);
insert or ignore into Student_in_Course (course, student) values (6, 181);
insert or ignore into Student_in_Course (course, student) values (2, 104);
insert or ignore into Student_in_Course (course, student) values (9, 104);
insert or ignore into Student_in_Course (course, student) values (9, 29);
insert or ignore into Student_in_Course (course, student) values (8, 162);
insert or ignore into Student_in_Course (course, student) values (2, 151);
insert or ignore into Student_in_Course (course, student) values (3, 33);
insert or ignore into Student_in_Course (course, student) values (1, 87);
insert or ignore into Student_in_Course (course, student) values (9, 125);
insert or ignore into Student_in_Course (course, student) values (2, 96);
insert or ignore into Student_in_Course (course, student) values (2, 165);
insert or ignore into Student_in_Course (course, student) values (10, 63);
insert or ignore into Student_in_Course (course, student) values (4, 125);
insert or ignore into Student_in_Course (course, student) values (1, 10);
insert or ignore into Student_in_Course (course, student) values (3, 187);
insert or ignore into Student_in_Course (course, student) values (2, 57);
insert or ignore into Student_in_Course (course, student) values (2, 89);
insert or ignore into Student_in_Course (course, student) values (5, 154);
insert or ignore into Student_in_Course (course, student) values (3, 121);
insert or ignore into Student_in_Course (course, student) values (1, 163);
insert or ignore into Student_in_Course (course, student) values (5, 153);
insert or ignore into Student_in_Course (course, student) values (2, 147);
insert or ignore into Student_in_Course (course, student) values (3, 186);
insert or ignore into Student_in_Course (course, student) values (8, 85);
insert or ignore into Student_in_Course (course, student) values (8, 92);
insert or ignore into Student_in_Course (course, student) values (9, 29);
insert or ignore into Student_in_Course (course, student) values (9, 127);
insert or ignore into Student_in_Course (course, student) values (2, 125);
insert or ignore into Student_in_Course (course, student) values (8, 135);
insert or ignore into Student_in_Course (course, student) values (5, 138);
insert or ignore into Student_in_Course (course, student) values (5, 31);
insert or ignore into Student_in_Course (course, student) values (2, 10);
insert or ignore into Student_in_Course (course, student) values (8, 200);
insert or ignore into Student_in_Course (course, student) values (10, 49);
insert or ignore into Student_in_Course (course, student) values (3, 83);
insert or ignore into Student_in_Course (course, student) values (10, 178);
insert or ignore into Student_in_Course (course, student) values (4, 151);
insert or ignore into Student_in_Course (course, student) values (2, 104);
insert or ignore into Student_in_Course (course, student) values (7, 61);
insert or ignore into Student_in_Course (course, student) values (3, 40);
insert or ignore into Student_in_Course (course, student) values (1, 189);
insert or ignore into Student_in_Course (course, student) values (5, 134);
insert or ignore into Student_in_Course (course, student) values (8, 190);
insert or ignore into Student_in_Course (course, student) values (5, 58);
insert or ignore into Student_in_Course (course, student) values (1, 154);
insert or ignore into Student_in_Course (course, student) values (3, 110);
insert or ignore into Student_in_Course (course, student) values (8, 16);
insert or ignore into Student_in_Course (course, student) values (7, 152);
insert or ignore into Student_in_Course (course, student) values (10, 153);
insert or ignore into Student_in_Course (course, student) values (3, 23);
insert or ignore into Student_in_Course (course, student) values (2, 160);
insert or ignore into Student_in_Course (course, student) values (9, 91);
insert or ignore into Student_in_Course (course, student) values (7, 198);
insert or ignore into Student_in_Course (course, student) values (3, 161);
insert or ignore into Student_in_Course (course, student) values (1, 177);
insert or ignore into Student_in_Course (course, student) values (6, 114);
insert or ignore into Student_in_Course (course, student) values (8, 144);
insert or ignore into Student_in_Course (course, student) values (1, 137);
insert or ignore into Student_in_Course (course, student) values (1, 82);
insert or ignore into Student_in_Course (course, student) values (3, 129);
insert or ignore into Student_in_Course (course, student) values (6, 7);
insert or ignore into Student_in_Course (course, student) values (4, 98);
insert or ignore into Student_in_Course (course, student) values (8, 143);
insert or ignore into Student_in_Course (course, student) values (5, 35);
insert or ignore into Student_in_Course (course, student) values (3, 74);
insert or ignore into Student_in_Course (course, student) values (10, 19);
insert or ignore into Student_in_Course (course, student) values (5, 88);
insert or ignore into Student_in_Course (course, student) values (8, 152);
insert or ignore into Student_in_Course (course, student) values (8, 181);
insert or ignore into Student_in_Course (course, student) values (3, 26);
insert or ignore into Student_in_Course (course, student) values (2, 2);
insert or ignore into Student_in_Course (course, student) values (5, 82);
insert or ignore into Student_in_Course (course, student) values (8, 158);
insert or ignore into Student_in_Course (course, student) values (6, 101);
insert or ignore into Student_in_Course (course, student) values (4, 160);
insert or ignore into Student_in_Course (course, student) values (10, 149);
insert or ignore into Student_in_Course (course, student) values (2, 22);
insert or ignore into Student_in_Course (course, student) values (4, 179);
insert or ignore into Student_in_Course (course, student) values (7, 51);
insert or ignore into Student_in_Course (course, student) values (6, 131);
insert or ignore into Student_in_Course (course, student) values (4, 59);
insert or ignore into Student_in_Course (course, student) values (6, 119);
insert or ignore into Student_in_Course (course, student) values (1, 170);
insert or ignore into Student_in_Course (course, student) values (1, 64);
insert or ignore into Student_in_Course (course, student) values (7, 190);
insert or ignore into Student_in_Course (course, student) values (10, 124);
insert or ignore into Student_in_Course (course, student) values (8, 11);
insert or ignore into Student_in_Course (course, student) values (7, 51);
insert or ignore into Student_in_Course (course, student) values (10, 79);
insert or ignore into Student_in_Course (course, student) values (2, 131);
insert or ignore into Student_in_Course (course, student) values (3, 34);
insert or ignore into Student_in_Course (course, student) values (7, 25);
insert or ignore into Student_in_Course (course, student) values (7, 193);
insert or ignore into Student_in_Course (course, student) values (9, 66);
insert or ignore into Student_in_Course (course, student) values (1, 174);
insert or ignore into Student_in_Course (course, student) values (9, 160);
insert or ignore into Student_in_Course (course, student) values (9, 141);
insert or ignore into Student_in_Course (course, student) values (1, 183);
insert or ignore into Student_in_Course (course, student) values (8, 54);
insert or ignore into Student_in_Course (course, student) values (10, 149);
insert or ignore into Student_in_Course (course, student) values (3, 166);
insert or ignore into Student_in_Course (course, student) values (3, 174);
insert or ignore into Student_in_Course (course, student) values (1, 178);
insert or ignore into Student_in_Course (course, student) values (9, 14);
insert or ignore into Student_in_Course (course, student) values (1, 156);
insert or ignore into Student_in_Course (course, student) values (3, 143);
insert or ignore into Student_in_Course (course, student) values (2, 192);
insert or ignore into Student_in_Course (course, student) values (10, 4);
insert or ignore into Student_in_Course (course, student) values (9, 97);
insert or ignore into Student_in_Course (course, student) values (4, 131);
insert or ignore into Student_in_Course (course, student) values (10, 106);
insert or ignore into Student_in_Course (course, student) values (7, 94);
insert or ignore into Student_in_Course (course, student) values (9, 127);
insert or ignore into Student_in_Course (course, student) values (10, 80);
insert or ignore into Student_in_Course (course, student) values (10, 8);
insert or ignore into Student_in_Course (course, student) values (10, 20);
insert or ignore into Student_in_Course (course, student) values (8, 14);
insert or ignore into Student_in_Course (course, student) values (1, 20);
insert or ignore into Student_in_Course (course, student) values (4, 146);
insert or ignore into Student_in_Course (course, student) values (4, 14);
insert or ignore into Student_in_Course (course, student) values (10, 168);
insert or ignore into Student_in_Course (course, student) values (4, 88);
insert or ignore into Student_in_Course (course, student) values (7, 92);
insert or ignore into Student_in_Course (course, student) values (2, 138);
insert or ignore into Student_in_Course (course, student) values (5, 2);
insert or ignore into Student_in_Course (course, student) values (7, 182);
insert or ignore into Student_in_Course (course, student) values (3, 195);
insert or ignore into Student_in_Course (course, student) values (6, 110);
insert or ignore into Student_in_Course (course, student) values (2, 98);
insert or ignore into Student_in_Course (course, student) values (2, 100);
insert or ignore into Student_in_Course (course, student) values (2, 160);
insert or ignore into Student_in_Course (course, student) values (5, 177);
insert or ignore into Student_in_Course (course, student) values (9, 38);
insert or ignore into Student_in_Course (course, student) values (4, 109);
insert or ignore into Student_in_Course (course, student) values (3, 132);
insert or ignore into Student_in_Course (course, student) values (8, 74);
insert or ignore into Student_in_Course (course, student) values (9, 6);
insert or ignore into Student_in_Course (course, student) values (6, 63);
insert or ignore into Student_in_Course (course, student) values (7, 148);
insert or ignore into Student_in_Course (course, student) values (7, 199);
insert or ignore into Student_in_Course (course, student) values (6, 196);
insert or ignore into Student_in_Course (course, student) values (6, 151);
insert or ignore into Student_in_Course (course, student) values (7, 140);
insert or ignore into Student_in_Course (course, student) values (10, 82);
insert or ignore into Student_in_Course (course, student) values (4, 62);
insert or ignore into Student_in_Course (course, student) values (5, 99);
insert or ignore into Student_in_Course (course, student) values (7, 171);
insert or ignore into Student_in_Course (course, student) values (4, 38);
insert or ignore into Student_in_Course (course, student) values (5, 103);
insert or ignore into Student_in_Course (course, student) values (3, 24);
insert or ignore into Student_in_Course (course, student) values (2, 66);
insert or ignore into Student_in_Course (course, student) values (8, 39);
insert or ignore into Student_in_Course (course, student) values (9, 130);
insert or ignore into Student_in_Course (course, student) values (2, 117);
insert or ignore into Student_in_Course (course, student) values (10, 164);
insert or ignore into Student_in_Course (course, student) values (2, 21);
insert or ignore into Student_in_Course (course, student) values (9, 107);
insert or ignore into Student_in_Course (course, student) values (9, 142);
insert or ignore into Student_in_Course (course, student) values (4, 118);
insert or ignore into Student_in_Course (course, student) values (1, 20);
insert or ignore into Student_in_Course (course, student) values (4, 193);
insert or ignore into Student_in_Course (course, student) values (9, 139);
insert or ignore into Student_in_Course (course, student) values (5, 69);
insert or ignore into Student_in_Course (course, student) values (2, 53);
insert or ignore into Student_in_Course (course, student) values (6, 55);
insert or ignore into Student_in_Course (course, student) values (10, 136);
insert or ignore into Student_in_Course (course, student) values (5, 179);
insert or ignore into Student_in_Course (course, student) values (8, 168);
insert or ignore into Student_in_Course (course, student) values (5, 79);
insert or ignore into Student_in_Course (course, student) values (8, 26);
insert or ignore into Student_in_Course (course, student) values (7, 119);
insert or ignore into Student_in_Course (course, student) values (7, 59);
insert or ignore into Student_in_Course (course, student) values (6, 81);
insert or ignore into Student_in_Course (course, student) values (10, 148);
insert or ignore into Student_in_Course (course, student) values (3, 115);
insert or ignore into Student_in_Course (course, student) values (6, 99);
insert or ignore into Student_in_Course (course, student) values (4, 22);
insert or ignore into Student_in_Course (course, student) values (5, 19);
insert or ignore into Student_in_Course (course, student) values (3, 87);
insert or ignore into Student_in_Course (course, student) values (3, 23);
insert or ignore into Student_in_Course (course, student) values (9, 128);
insert or ignore into Student_in_Course (course, student) values (9, 186);
insert or ignore into Student_in_Course (course, student) values (1, 187);
insert or ignore into Student_in_Course (course, student) values (4, 4);
insert or ignore into Student_in_Course (course, student) values (9, 22);
insert or ignore into Student_in_Course (course, student) values (9, 187);
insert or ignore into Student_in_Course (course, student) values (10, 12);
insert or ignore into Student_in_Course (course, student) values (5, 165);
insert or ignore into Student_in_Course (course, student) values (6, 113);
insert or ignore into Student_in_Course (course, student) values (7, 97);
insert or ignore into Student_in_Course (course, student) values (1, 93);
insert or ignore into Student_in_Course (course, student) values (1, 69);
insert or ignore into Student_in_Course (course, student) values (1, 132);
insert or ignore into Student_in_Course (course, student) values (10, 138);
insert or ignore into Student_in_Course (course, student) values (6, 169);
insert or ignore into Student_in_Course (course, student) values (2, 170);
insert or ignore into Student_in_Course (course, student) values (6, 73);
insert or ignore into Student_in_Course (course, student) values (7, 42);
insert or ignore into Student_in_Course (course, student) values (3, 135);
insert or ignore into Student_in_Course (course, student) values (1, 183);
insert or ignore into Student_in_Course (course, student) values (1, 196);
insert or ignore into Student_in_Course (course, student) values (4, 147);
insert or ignore into Student_in_Course (course, student) values (2, 76);
insert or ignore into Student_in_Course (course, student) values (10, 109);
insert or ignore into Student_in_Course (course, student) values (8, 114);
insert or ignore into Student_in_Course (course, student) values (9, 55);
insert or ignore into Student_in_Course (course, student) values (9, 197);
insert or ignore into Student_in_Course (course, student) values (1, 72);
insert or ignore into Student_in_Course (course, student) values (1, 60);
insert or ignore into Student_in_Course (course, student) values (8, 34);
insert or ignore into Student_in_Course (course, student) values (6, 158);
insert or ignore into Student_in_Course (course, student) values (8, 116);
insert or ignore into Student_in_Course (course, student) values (6, 180);
insert or ignore into Student_in_Course (course, student) values (9, 1);
insert or ignore into Student_in_Course (course, student) values (2, 2);
insert or ignore into Student_in_Course (course, student) values (9, 194);
insert or ignore into Student_in_Course (course, student) values (3, 173);
insert or ignore into Student_in_Course (course, student) values (9, 32);
insert or ignore into Student_in_Course (course, student) values (5, 194);
insert or ignore into Student_in_Course (course, student) values (1, 174);
insert or ignore into Student_in_Course (course, student) values (9, 76);
insert or ignore into Student_in_Course (course, student) values (10, 56);
insert or ignore into Student_in_Course (course, student) values (8, 69);
insert or ignore into Student_in_Course (course, student) values (4, 193);
insert or ignore into Student_in_Course (course, student) values (9, 158);
insert or ignore into Student_in_Course (course, student) values (1, 138);
insert or ignore into Student_in_Course (course, student) values (10, 177);
insert or ignore into Student_in_Course (course, student) values (5, 99);
insert or ignore into Student_in_Course (course, student) values (3, 78);
insert or ignore into Student_in_Course (course, student) values (3, 148);
insert or ignore into Student_in_Course (course, student) values (4, 163);
insert or ignore into Student_in_Course (course, student) values (9, 178);
insert or ignore into Student_in_Course (course, student) values (2, 158);
insert or ignore into Student_in_Course (course, student) values (6, 49);
insert or ignore into Student_in_Course (course, student) values (9, 112);
insert or ignore into Student_in_Course (course, student) values (3, 90);
insert or ignore into Student_in_Course (course, student) values (7, 168);
insert or ignore into Student_in_Course (course, student) values (6, 102);
insert or ignore into Student_in_Course (course, student) values (3, 27);
insert or ignore into Student_in_Course (course, student) values (4, 82);
insert or ignore into Student_in_Course (course, student) values (1, 93);
insert or ignore into Student_in_Course (course, student) values (5, 196);
insert or ignore into Student_in_Course (course, student) values (3, 55);
insert or ignore into Student_in_Course (course, student) values (10, 94);
insert or ignore into Student_in_Course (course, student) values (4, 55);
insert or ignore into Student_in_Course (course, student) values (10, 172);
insert or ignore into Student_in_Course (course, student) values (7, 133);
insert or ignore into Student_in_Course (course, student) values (2, 53);
insert or ignore into Student_in_Course (course, student) values (1, 184);
insert or ignore into Student_in_Course (course, student) values (4, 181);
insert or ignore into Student_in_Course (course, student) values (3, 164);
insert or ignore into Student_in_Course (course, student) values (7, 113);
insert or ignore into Student_in_Course (course, student) values (5, 66);
insert or ignore into Student_in_Course (course, student) values (1, 81);
insert or ignore into Student_in_Course (course, student) values (2, 184);
insert or ignore into Student_in_Course (course, student) values (3, 26);
insert or ignore into Student_in_Course (course, student) values (10, 18);
insert or ignore into Student_in_Course (course, student) values (4, 199);
insert or ignore into Student_in_Course (course, student) values (5, 178);
insert or ignore into Student_in_Course (course, student) values (4, 174);
insert or ignore into Student_in_Course (course, student) values (8, 1);
insert or ignore into Student_in_Course (course, student) values (10, 48);
insert or ignore into Student_in_Course (course, student) values (4, 133);
insert or ignore into Student_in_Course (course, student) values (10, 149);
insert or ignore into Student_in_Course (course, student) values (5, 111);
insert or ignore into Student_in_Course (course, student) values (1, 129);
insert or ignore into Student_in_Course (course, student) values (4, 105);
insert or ignore into Student_in_Course (course, student) values (4, 51);
insert or ignore into Student_in_Course (course, student) values (8, 117);
insert or ignore into Student_in_Course (course, student) values (4, 106);
insert or ignore into Student_in_Course (course, student) values (1, 85);
insert or ignore into Student_in_Course (course, student) values (8, 19);
insert or ignore into Student_in_Course (course, student) values (8, 31);
insert or ignore into Student_in_Course (course, student) values (4, 181);
insert or ignore into Student_in_Course (course, student) values (8, 69);
insert or ignore into Student_in_Course (course, student) values (6, 155);
insert or ignore into Student_in_Course (course, student) values (9, 190);
insert or ignore into Student_in_Course (course, student) values (6, 61);
insert or ignore into Student_in_Course (course, student) values (10, 109);
insert or ignore into Student_in_Course (course, student) values (5, 144);
insert or ignore into Student_in_Course (course, student) values (1, 129);
insert or ignore into Student_in_Course (course, student) values (4, 157);
insert or ignore into Student_in_Course (course, student) values (9, 48);
insert or ignore into Student_in_Course (course, student) values (8, 153);
insert or ignore into Student_in_Course (course, student) values (1, 92);
insert or ignore into Student_in_Course (course, student) values (1, 182);
insert or ignore into Student_in_Course (course, student) values (9, 27);
insert or ignore into Student_in_Course (course, student) values (3, 7);
insert or ignore into Student_in_Course (course, student) values (6, 24);
insert or ignore into Student_in_Course (course, student) values (5, 16);
insert or ignore into Student_in_Course (course, student) values (6, 58);
insert or ignore into Student_in_Course (course, student) values (4, 151);
insert or ignore into Student_in_Course (course, student) values (7, 49);
insert or ignore into Student_in_Course (course, student) values (10, 67);
insert or ignore into Student_in_Course (course, student) values (3, 121);
insert or ignore into Student_in_Course (course, student) values (4, 37);
insert or ignore into Student_in_Course (course, student) values (9, 92);
insert or ignore into Student_in_Course (course, student) values (5, 76);
insert or ignore into Student_in_Course (course, student) values (5, 168);
insert or ignore into Student_in_Course (course, student) values (1, 64);
insert or ignore into Student_in_Course (course, student) values (6, 92);
insert or ignore into Student_in_Course (course, student) values (10, 59);
insert or ignore into Student_in_Course (course, student) values (1, 22);
insert or ignore into Student_in_Course (course, student) values (8, 164);
insert or ignore into Student_in_Course (course, student) values (7, 78);
insert or ignore into Student_in_Course (course, student) values (10, 116);
insert or ignore into Student_in_Course (course, student) values (10, 21);
insert or ignore into Student_in_Course (course, student) values (9, 146);
insert or ignore into Student_in_Course (course, student) values (7, 91);
insert or ignore into Student_in_Course (course, student) values (9, 40);
insert or ignore into Student_in_Course (course, student) values (5, 58);
insert or ignore into Student_in_Course (course, student) values (5, 103);
insert or ignore into Student_in_Course (course, student) values (5, 46);
insert or ignore into Student_in_Course (course, student) values (3, 147);
insert or ignore into Student_in_Course (course, student) values (4, 34);
insert or ignore into Student_in_Course (course, student) values (3, 68);
insert or ignore into Student_in_Course (course, student) values (9, 59);
insert or ignore into Student_in_Course (course, student) values (6, 128);
insert or ignore into Student_in_Course (course, student) values (7, 103);
insert or ignore into Student_in_Course (course, student) values (4, 43);
insert or ignore into Student_in_Course (course, student) values (9, 77);
insert or ignore into Student_in_Course (course, student) values (6, 88);
insert or ignore into Student_in_Course (course, student) values (10, 27);
insert or ignore into Student_in_Course (course, student) values (9, 111);
insert into Activity (course, student, date, type) values (4, 113, '2020-04-23 05:29:30', 6);
insert into Activity (course, student, date, type) values (6, 176, '2020-03-09 01:37:22', 1);
insert into Activity (course, student, date, type) values (10, 111, '2020-03-15 09:48:52', 1);
insert into Activity (course, student, date, type) values (6, 16, '2020-04-28 16:08:04', 6);
insert into Activity (course, student, date, type) values (7, 121, '2020-04-30 06:44:30', 1);
insert into Activity (course, student, date, type) values (6, 123, '2020-03-26 11:01:04', 3);
insert into Activity (course, student, date, type) values (7, 118, '2020-03-19 11:14:28', 4);
insert into Activity (course, student, date, type) values (1, 46, '2020-03-01 22:53:46', 2);
insert into Activity (course, student, date, type) values (7, 184, '2020-05-02 09:35:34', 6);
insert into Activity (course, student, date, type) values (3, 90, '2020-05-01 05:43:56', 3);
insert into Activity (course, student, date, type) values (5, 188, '2020-05-21 14:38:02', 5);
insert into Activity (course, student, date, type) values (9, 5, '2020-04-27 08:45:39', 2);
insert into Activity (course, student, date, type) values (5, 132, '2020-04-19 01:34:44', 7);
insert into Activity (course, student, date, type) values (5, 2, '2020-05-21 12:40:44', 5);
insert into Activity (course, student, date, type) values (6, 26, '2020-05-07 20:32:02', 3);
insert into Activity (course, student, date, type) values (9, 75, '2020-02-13 14:55:29', 2);
insert into Activity (course, student, date, type) values (4, 176, '2020-03-19 14:14:34', 4);
insert into Activity (course, student, date, type) values (9, 198, '2020-03-17 05:26:12', 6);
insert into Activity (course, student, date, type) values (6, 185, '2020-03-02 13:22:37', 2);
insert into Activity (course, student, date, type) values (10, 88, '2020-03-31 02:04:45', 7);
insert into Activity (course, student, date, type) values (8, 171, '2020-02-20 16:37:33', 6);
insert into Activity (course, student, date, type) values (8, 180, '2020-04-05 11:37:39', 6);
insert into Activity (course, student, date, type) values (8, 27, '2020-04-13 07:01:45', 3);
insert into Activity (course, student, date, type) values (8, 31, '2020-03-13 00:38:29', 4);
insert into Activity (course, student, date, type) values (1, 120, '2020-03-21 20:54:26', 5);
insert into Activity (course, student, date, type) values (1, 155, '2020-03-05 05:23:04', 4);
insert into Activity (course, student, date, type) values (3, 150, '2020-03-03 21:33:58', 2);
insert into Activity (course, student, date, type) values (7, 37, '2020-04-09 13:20:35', 5);
insert into Activity (course, student, date, type) values (5, 172, '2020-03-30 22:27:29', 4);
insert into Activity (course, student, date, type) values (4, 188, '2020-04-25 19:06:20', 6);
insert into Activity (course, student, date, type) values (2, 188, '2020-04-05 16:50:23', 3);
insert into Activity (course, student, date, type) values (4, 171, '2020-03-18 08:42:26', 1);
insert into Activity (course, student, date, type) values (6, 46, '2020-03-30 17:01:47', 6);
insert into Activity (course, student, date, type) values (7, 114, '2020-05-07 20:59:25', 2);
insert into Activity (course, student, date, type) values (4, 166, '2020-05-11 08:48:34', 4);
insert into Activity (course, student, date, type) values (7, 41, '2020-05-28 23:46:27', 1);
insert into Activity (course, student, date, type) values (6, 50, '2020-03-21 21:07:14', 4);
insert into Activity (course, student, date, type) values (3, 177, '2020-03-30 09:07:49', 3);
insert into Activity (course, student, date, type) values (5, 174, '2020-04-17 16:20:18', 3);
insert into Activity (course, student, date, type) values (7, 2, '2020-04-25 14:48:03', 5);
insert into Activity (course, student, date, type) values (6, 77, '2020-03-10 10:12:18', 2);
insert into Activity (course, student, date, type) values (3, 129, '2020-03-30 14:28:58', 3);
insert into Activity (course, student, date, type) values (5, 36, '2020-05-26 03:05:45', 2);
insert into Activity (course, student, date, type) values (9, 148, '2020-03-13 09:42:30', 4);
insert into Activity (course, student, date, type) values (2, 22, '2020-02-10 18:11:50', 7);
insert into Activity (course, student, date, type) values (7, 129, '2020-05-20 19:46:29', 7);
insert into Activity (course, student, date, type) values (8, 199, '2020-03-15 15:55:28', 2);
insert into Activity (course, student, date, type) values (9, 155, '2020-02-17 16:14:22', 5);
insert into Activity (course, student, date, type) values (5, 167, '2020-03-18 05:37:01', 2);
insert into Activity (course, student, date, type) values (9, 172, '2020-04-10 11:41:43', 3);
insert into Activity (course, student, date, type) values (3, 145, '2020-05-27 09:45:40', 2);
insert into Activity (course, student, date, type) values (10, 199, '2020-04-16 00:39:55', 3);
insert into Activity (course, student, date, type) values (9, 163, '2020-03-23 21:12:01', 4);
insert into Activity (course, student, date, type) values (4, 138, '2020-03-23 23:04:38', 3);
insert into Activity (course, student, date, type) values (4, 77, '2020-05-27 00:45:26', 5);
insert into Activity (course, student, date, type) values (7, 140, '2020-04-23 00:05:30', 6);
insert into Activity (course, student, date, type) values (9, 42, '2020-05-09 02:38:00', 5);
insert into Activity (course, student, date, type) values (7, 96, '2020-04-14 00:38:50', 6);
insert into Activity (course, student, date, type) values (8, 52, '2020-03-25 21:32:51', 1);
insert into Activity (course, student, date, type) values (4, 14, '2020-04-07 09:58:13', 7);
insert into Activity (course, student, date, type) values (2, 107, '2020-03-27 01:55:41', 2);
insert into Activity (course, student, date, type) values (4, 110, '2020-05-26 13:00:06', 2);
insert into Activity (course, student, date, type) values (3, 40, '2020-05-21 03:11:40', 4);
insert into Activity (course, student, date, type) values (7, 139, '2020-04-20 05:58:19', 4);
insert into Activity (course, student, date, type) values (4, 146, '2020-03-06 05:27:44', 1);
insert into Activity (course, student, date, type) values (9, 108, '2020-03-07 06:37:42', 5);
insert into Activity (course, student, date, type) values (5, 39, '2020-02-29 23:05:47', 5);
insert into Activity (course, student, date, type) values (1, 89, '2020-04-03 09:13:01', 1);
insert into Activity (course, student, date, type) values (8, 52, '2020-03-17 07:41:05', 1);
insert into Activity (course, student, date, type) values (9, 144, '2020-02-27 17:37:56', 3);
insert into Activity (course, student, date, type) values (6, 70, '2020-05-05 22:32:24', 4);
insert into Activity (course, student, date, type) values (9, 21, '2020-03-15 03:19:08', 3);
insert into Activity (course, student, date, type) values (6, 27, '2020-05-26 08:39:09', 4);
insert into Activity (course, student, date, type) values (3, 46, '2020-02-23 12:50:03', 6);
insert into Activity (course, student, date, type) values (4, 89, '2020-05-10 15:09:53', 3);
insert into Activity (course, student, date, type) values (2, 118, '2020-05-20 11:03:58', 4);
insert into Activity (course, student, date, type) values (8, 16, '2020-03-10 22:48:51', 3);
insert into Activity (course, student, date, type) values (9, 11, '2020-05-11 15:31:44', 1);
insert into Activity (course, student, date, type) values (8, 66, '2020-04-28 09:07:53', 4);
insert into Activity (course, student, date, type) values (2, 145, '2020-03-12 21:25:46', 6);
insert into Activity (course, student, date, type) values (3, 108, '2020-03-05 18:53:16', 2);
insert into Activity (course, student, date, type) values (5, 173, '2020-04-20 03:10:50', 7);
insert into Activity (course, student, date, type) values (9, 137, '2020-04-25 19:15:57', 5);
insert into Activity (course, student, date, type) values (1, 53, '2020-04-09 05:33:47', 7);
insert into Activity (course, student, date, type) values (7, 3, '2020-03-18 05:41:31', 6);
insert into Activity (course, student, date, type) values (4, 11, '2020-04-12 01:51:10', 4);
insert into Activity (course, student, date, type) values (6, 134, '2020-02-23 02:17:18', 4);
insert into Activity (course, student, date, type) values (2, 83, '2020-04-13 17:50:19', 1);
insert into Activity (course, student, date, type) values (7, 159, '2020-05-21 18:16:03', 3);
insert into Activity (course, student, date, type) values (6, 74, '2020-03-03 06:02:59', 2);
insert into Activity (course, student, date, type) values (10, 16, '2020-03-11 04:14:05', 4);
insert into Activity (course, student, date, type) values (7, 147, '2020-05-09 17:02:32', 2);
insert into Activity (course, student, date, type) values (8, 108, '2020-05-26 14:03:27', 5);
insert into Activity (course, student, date, type) values (9, 153, '2020-02-19 09:59:58', 5);
insert into Activity (course, student, date, type) values (2, 188, '2020-03-02 04:51:46', 7);
insert into Activity (course, student, date, type) values (4, 67, '2020-04-09 06:27:45', 6);
insert into Activity (course, student, date, type) values (8, 131, '2020-04-19 14:27:14', 2);
insert into Activity (course, student, date, type) values (3, 157, '2020-04-01 21:28:44', 5);
insert into Activity (course, student, date, type) values (5, 16, '2020-03-30 04:12:21', 3);
insert into Activity (course, student, date, type) values (1, 198, '2020-04-13 00:38:16', 7);
insert into Activity (course, student, date, type) values (7, 107, '2020-04-19 22:02:05', 6);
insert into Activity (course, student, date, type) values (4, 1, '2020-04-28 06:09:47', 1);
insert into Activity (course, student, date, type) values (10, 143, '2020-04-05 19:07:20', 7);
insert into Activity (course, student, date, type) values (4, 127, '2020-02-23 23:42:16', 5);
insert into Activity (course, student, date, type) values (7, 140, '2020-03-26 08:56:49', 1);
insert into Activity (course, student, date, type) values (7, 134, '2020-04-17 03:10:00', 6);
insert into Activity (course, student, date, type) values (4, 150, '2020-03-04 08:42:07', 3);
insert into Activity (course, student, date, type) values (4, 99, '2020-03-17 11:23:26', 7);
insert into Activity (course, student, date, type) values (5, 13, '2020-04-20 14:37:03', 3);
insert into Activity (course, student, date, type) values (7, 59, '2020-04-14 15:56:07', 1);
insert into Activity (course, student, date, type) values (6, 49, '2020-02-24 11:19:21', 7);
insert into Activity (course, student, date, type) values (3, 132, '2020-04-25 10:02:57', 4);
insert into Activity (course, student, date, type) values (3, 82, '2020-04-08 00:59:30', 1);
insert into Activity (course, student, date, type) values (9, 34, '2020-03-10 19:34:33', 6);
insert into Activity (course, student, date, type) values (7, 70, '2020-03-30 23:21:48', 2);
insert into Activity (course, student, date, type) values (9, 29, '2020-03-09 22:07:15', 3);
insert into Activity (course, student, date, type) values (2, 179, '2020-05-08 01:20:34', 3);
insert into Activity (course, student, date, type) values (6, 75, '2020-05-15 05:33:15', 3);
insert into Activity (course, student, date, type) values (5, 131, '2020-05-18 04:43:14', 7);
insert into Activity (course, student, date, type) values (8, 22, '2020-05-26 17:45:10', 1);
insert into Activity (course, student, date, type) values (9, 37, '2020-04-30 21:59:13', 1);
insert into Activity (course, student, date, type) values (6, 149, '2020-04-23 11:52:08', 2);
insert into Activity (course, student, date, type) values (7, 48, '2020-03-02 21:33:35', 3);
insert into Activity (course, student, date, type) values (2, 90, '2020-02-23 07:50:07', 7);
insert into Activity (course, student, date, type) values (1, 192, '2020-03-27 08:19:43', 2);
insert into Activity (course, student, date, type) values (5, 132, '2020-05-12 10:56:38', 3);
insert into Activity (course, student, date, type) values (8, 83, '2020-04-15 22:43:59', 4);
insert into Activity (course, student, date, type) values (6, 36, '2020-04-09 02:23:35', 5);
insert into Activity (course, student, date, type) values (2, 125, '2020-04-11 10:28:04', 4);
insert into Activity (course, student, date, type) values (9, 104, '2020-05-17 22:26:51', 3);
insert into Activity (course, student, date, type) values (9, 56, '2020-03-24 15:28:00', 7);
insert into Activity (course, student, date, type) values (6, 29, '2020-04-22 04:11:30', 7);
insert into Activity (course, student, date, type) values (6, 88, '2020-03-21 08:35:23', 1);
insert into Activity (course, student, date, type) values (1, 47, '2020-03-03 04:33:27', 2);
insert into Activity (course, student, date, type) values (9, 188, '2020-05-10 09:46:40', 4);
insert into Activity (course, student, date, type) values (8, 113, '2020-02-10 05:54:36', 3);
insert into Activity (course, student, date, type) values (6, 198, '2020-04-10 03:03:51', 6);
insert into Activity (course, student, date, type) values (2, 56, '2020-04-15 18:50:31', 2);
insert into Activity (course, student, date, type) values (4, 172, '2020-05-27 23:06:33', 7);
insert into Activity (course, student, date, type) values (2, 135, '2020-05-08 12:24:58', 4);
insert into Activity (course, student, date, type) values (10, 165, '2020-02-12 21:59:13', 3);
insert into Activity (course, student, date, type) values (7, 167, '2020-03-01 18:32:45', 1);
insert into Activity (course, student, date, type) values (2, 13, '2020-03-28 07:20:30', 2);
insert into Activity (course, student, date, type) values (5, 157, '2020-03-13 13:46:16', 5);
insert into Activity (course, student, date, type) values (1, 93, '2020-03-11 20:08:34', 5);
insert into Activity (course, student, date, type) values (9, 53, '2020-03-20 16:26:28', 5);
insert into Activity (course, student, date, type) values (2, 148, '2020-03-16 19:46:28', 1);
insert into Activity (course, student, date, type) values (2, 170, '2020-04-25 22:32:20', 5);
insert into Activity (course, student, date, type) values (3, 188, '2020-05-16 13:26:03', 6);
insert into Activity (course, student, date, type) values (9, 155, '2020-04-10 17:18:40', 6);
insert into Activity (course, student, date, type) values (2, 168, '2020-03-03 05:37:19', 7);
insert into Activity (course, student, date, type) values (7, 119, '2020-02-15 12:54:20', 6);
insert into Activity (course, student, date, type) values (4, 112, '2020-05-07 17:31:43', 2);
insert into Activity (course, student, date, type) values (2, 192, '2020-05-29 02:07:33', 4);
insert into Activity (course, student, date, type) values (9, 73, '2020-05-24 05:42:25', 4);
insert into Activity (course, student, date, type) values (7, 25, '2020-02-19 10:30:28', 1);
insert into Activity (course, student, date, type) values (8, 154, '2020-05-27 15:20:51', 6);
insert into Activity (course, student, date, type) values (6, 35, '2020-03-31 19:13:56', 6);
insert into Activity (course, student, date, type) values (1, 195, '2020-04-29 07:04:36', 7);
insert into Activity (course, student, date, type) values (1, 94, '2020-05-07 04:35:55', 3);
insert into Activity (course, student, date, type) values (10, 24, '2020-04-15 23:43:08', 2);
insert into Activity (course, student, date, type) values (9, 54, '2020-05-07 06:03:07', 6);
insert into Activity (course, student, date, type) values (6, 11, '2020-03-20 00:29:16', 7);
insert into Activity (course, student, date, type) values (2, 99, '2020-04-01 19:17:51', 1);
insert into Activity (course, student, date, type) values (10, 150, '2020-03-04 19:16:09', 7);
insert into Activity (course, student, date, type) values (10, 41, '2020-03-24 10:45:59', 6);
insert into Activity (course, student, date, type) values (10, 200, '2020-02-14 04:21:18', 3);
insert into Activity (course, student, date, type) values (10, 89, '2020-03-25 18:27:40', 1);
insert into Activity (course, student, date, type) values (7, 28, '2020-03-18 17:47:40', 3);
insert into Activity (course, student, date, type) values (8, 99, '2020-04-10 03:42:28', 2);
insert into Activity (course, student, date, type) values (5, 31, '2020-05-08 09:13:05', 2);
insert into Activity (course, student, date, type) values (3, 185, '2020-03-02 11:44:58', 2);
insert into Activity (course, student, date, type) values (1, 116, '2020-04-18 03:13:59', 5);
insert into Activity (course, student, date, type) values (3, 38, '2020-03-21 03:30:42', 5);
insert into Activity (course, student, date, type) values (5, 73, '2020-04-04 09:31:28', 2);
insert into Activity (course, student, date, type) values (10, 179, '2020-03-06 15:16:55', 4);
insert into Activity (course, student, date, type) values (9, 21, '2020-03-11 09:18:35', 3);
insert into Activity (course, student, date, type) values (10, 72, '2020-05-29 23:56:45', 7);
insert into Activity (course, student, date, type) values (7, 137, '2020-04-22 14:46:19', 6);
insert into Activity (course, student, date, type) values (4, 146, '2020-04-19 19:41:13', 7);
insert into Activity (course, student, date, type) values (10, 186, '2020-03-03 20:45:07', 2);
insert into Activity (course, student, date, type) values (6, 140, '2020-02-19 03:22:24', 6);
insert into Activity (course, student, date, type) values (6, 192, '2020-03-15 21:29:59', 2);
insert into Activity (course, student, date, type) values (9, 108, '2020-04-22 23:27:24', 5);
insert into Activity (course, student, date, type) values (3, 137, '2020-04-07 08:47:24', 2);
insert into Activity (course, student, date, type) values (10, 157, '2020-03-10 10:52:35', 2);
insert into Activity (course, student, date, type) values (8, 115, '2020-05-26 07:59:05', 2);
insert into Activity (course, student, date, type) values (6, 180, '2020-02-11 14:56:10', 1);
insert into Activity (course, student, date, type) values (6, 34, '2020-05-03 20:02:54', 4);
insert into Activity (course, student, date, type) values (5, 199, '2020-02-12 03:17:10', 2);
insert into Activity (course, student, date, type) values (7, 67, '2020-05-21 10:17:16', 4);
insert into Activity (course, student, date, type) values (10, 25, '2020-04-16 08:01:36', 5);
insert into Activity (course, student, date, type) values (2, 88, '2020-05-11 23:22:29', 3);
insert into Activity (course, student, date, type) values (10, 170, '2020-03-18 19:49:46', 7);
insert into Activity (course, student, date, type) values (2, 139, '2020-02-19 00:00:08', 3);
insert into Activity (course, student, date, type) values (9, 160, '2020-04-08 07:05:15', 5);
insert into Activity (course, student, date, type) values (6, 23, '2020-05-29 18:28:39', 3);
insert into Activity (course, student, date, type) values (9, 71, '2020-02-21 09:59:45', 4);
insert into Activity (course, student, date, type) values (6, 34, '2020-05-25 12:50:07', 4);
insert into Activity (course, student, date, type) values (9, 153, '2020-05-04 13:27:19', 7);
insert into Activity (course, student, date, type) values (7, 169, '2020-04-15 06:18:41', 3);
insert into Activity (course, student, date, type) values (4, 158, '2020-04-26 06:26:29', 6);
insert into Activity (course, student, date, type) values (2, 60, '2020-04-29 15:40:26', 1);
insert into Activity (course, student, date, type) values (6, 163, '2020-03-09 02:20:13', 6);
insert into Activity (course, student, date, type) values (7, 175, '2020-05-04 10:32:46', 6);
insert into Activity (course, student, date, type) values (4, 97, '2020-05-27 22:56:03', 4);
insert into Activity (course, student, date, type) values (1, 173, '2020-03-20 17:52:22', 5);
insert into Activity (course, student, date, type) values (3, 2, '2020-03-10 18:44:45', 3);
insert into Activity (course, student, date, type) values (10, 167, '2020-03-28 23:10:29', 4);
insert into Activity (course, student, date, type) values (2, 16, '2020-03-22 02:05:22', 3);
insert into Activity (course, student, date, type) values (3, 198, '2020-03-23 08:14:52', 1);
insert into Activity (course, student, date, type) values (2, 181, '2020-05-09 13:45:50', 7);
insert into Activity (course, student, date, type) values (9, 52, '2020-04-04 05:13:36', 2);
insert into Activity (course, student, date, type) values (6, 105, '2020-04-21 17:07:15', 5);
insert into Activity (course, student, date, type) values (1, 4, '2020-03-25 16:41:07', 6);
insert into Activity (course, student, date, type) values (7, 149, '2020-04-27 12:20:22', 3);
insert into Activity (course, student, date, type) values (7, 138, '2020-03-22 09:08:00', 5);
insert into Activity (course, student, date, type) values (6, 104, '2020-05-10 02:54:00', 6);
insert into Activity (course, student, date, type) values (5, 159, '2020-03-15 05:48:59', 2);
insert into Activity (course, student, date, type) values (5, 136, '2020-02-27 16:14:29', 1);
insert into Activity (course, student, date, type) values (6, 133, '2020-03-10 08:33:53', 6);
insert into Activity (course, student, date, type) values (3, 184, '2020-05-06 20:20:07', 6);
insert into Activity (course, student, date, type) values (3, 168, '2020-03-15 16:19:47', 4);
insert into Activity (course, student, date, type) values (10, 84, '2020-04-02 01:07:51', 2);
insert into Activity (course, student, date, type) values (8, 13, '2020-02-27 08:44:05', 1);
insert into Activity (course, student, date, type) values (2, 160, '2020-04-25 21:10:39', 2);
insert into Activity (course, student, date, type) values (7, 160, '2020-03-20 05:10:28', 5);
insert into Activity (course, student, date, type) values (3, 181, '2020-04-18 17:07:07', 6);
insert into Activity (course, student, date, type) values (2, 20, '2020-02-27 18:03:32', 5);
insert into Activity (course, student, date, type) values (2, 124, '2020-02-21 08:25:11', 4);
insert into Activity (course, student, date, type) values (8, 155, '2020-02-29 18:25:16', 4);
insert into Activity (course, student, date, type) values (3, 1, '2020-03-17 06:16:52', 4);
insert into Activity (course, student, date, type) values (4, 168, '2020-04-25 11:50:04', 2);
insert into Activity (course, student, date, type) values (6, 143, '2020-03-05 00:24:49', 2);
insert into Activity (course, student, date, type) values (1, 96, '2020-05-23 16:36:13', 3);
insert into Activity (course, student, date, type) values (3, 158, '2020-03-16 22:52:34', 4);
insert into Activity (course, student, date, type) values (3, 70, '2020-03-01 01:28:54', 3);
insert into Activity (course, student, date, type) values (8, 47, '2020-03-27 00:19:17', 3);
insert into Activity (course, student, date, type) values (4, 179, '2020-02-16 14:41:01', 6);
insert into Activity (course, student, date, type) values (6, 10, '2020-03-04 12:06:12', 7);
insert into Activity (course, student, date, type) values (5, 78, '2020-05-18 01:15:27', 6);
insert into Activity (course, student, date, type) values (2, 135, '2020-03-04 18:25:49', 5);
insert into Activity (course, student, date, type) values (4, 137, '2020-03-25 12:56:54', 1);
insert into Activity (course, student, date, type) values (3, 146, '2020-04-06 01:50:50', 3);
insert into Activity (course, student, date, type) values (6, 136, '2020-04-25 23:29:26', 6);
insert into Activity (course, student, date, type) values (7, 65, '2020-05-11 12:59:19', 4);
insert into Activity (course, student, date, type) values (5, 167, '2020-05-10 09:04:24', 3);
insert into Activity (course, student, date, type) values (4, 135, '2020-05-20 13:49:33', 3);
insert into Activity (course, student, date, type) values (9, 182, '2020-03-28 03:29:11', 4);
insert into Activity (course, student, date, type) values (2, 113, '2020-03-11 04:49:33', 2);
insert into Activity (course, student, date, type) values (5, 142, '2020-03-10 00:25:35', 5);
insert into Activity (course, student, date, type) values (9, 36, '2020-03-05 06:19:45', 5);
insert into Activity (course, student, date, type) values (3, 25, '2020-03-05 22:56:13', 1);
insert into Activity (course, student, date, type) values (9, 118, '2020-05-01 00:56:24', 1);
insert into Activity (course, student, date, type) values (2, 160, '2020-04-01 09:23:38', 7);
insert into Activity (course, student, date, type) values (4, 166, '2020-04-03 17:36:49', 3);
insert into Activity (course, student, date, type) values (4, 122, '2020-02-19 02:30:04', 5);
insert into Activity (course, student, date, type) values (9, 71, '2020-03-04 01:30:24', 7);
insert into Activity (course, student, date, type) values (2, 121, '2020-05-20 15:00:18', 2);
insert into Activity (course, student, date, type) values (6, 20, '2020-05-16 21:31:16', 1);
insert into Activity (course, student, date, type) values (2, 141, '2020-05-06 01:47:32', 7);
insert into Activity (course, student, date, type) values (1, 58, '2020-03-01 14:45:08', 4);
insert into Activity (course, student, date, type) values (4, 55, '2020-02-15 19:41:09', 4);
insert into Activity (course, student, date, type) values (6, 190, '2020-02-24 11:13:07', 7);
insert into Activity (course, student, date, type) values (6, 162, '2020-02-23 10:01:39', 6);
insert into Activity (course, student, date, type) values (7, 78, '2020-02-14 08:48:40', 5);
insert into Activity (course, student, date, type) values (10, 112, '2020-04-18 15:41:14', 5);
insert into Activity (course, student, date, type) values (4, 109, '2020-05-01 04:19:46', 5);
insert into Activity (course, student, date, type) values (1, 37, '2020-05-09 14:25:07', 2);
insert into Activity (course, student, date, type) values (9, 145, '2020-03-19 10:15:56', 2);
insert into Activity (course, student, date, type) values (10, 26, '2020-05-22 08:06:38', 5);
insert into Activity (course, student, date, type) values (5, 111, '2020-03-23 11:32:39', 7);
insert into Activity (course, student, date, type) values (2, 56, '2020-02-27 17:05:48', 7);
insert into Activity (course, student, date, type) values (9, 100, '2020-05-03 21:19:30', 2);
insert into Activity (course, student, date, type) values (10, 192, '2020-02-22 21:42:56', 2);
insert into Activity (course, student, date, type) values (3, 126, '2020-02-10 22:11:54', 3);
insert into Activity (course, student, date, type) values (10, 172, '2020-05-22 09:50:39', 2);
insert into Activity (course, student, date, type) values (2, 31, '2020-03-29 10:35:51', 7);
insert into Activity (course, student, date, type) values (4, 31, '2020-03-10 09:57:28', 7);
insert into Activity (course, student, date, type) values (3, 64, '2020-03-11 22:43:09', 1);
insert into Activity (course, student, date, type) values (9, 54, '2020-03-18 18:36:56', 4);
insert into Activity (course, student, date, type) values (4, 36, '2020-05-14 08:47:07', 1);
insert into Activity (course, student, date, type) values (2, 177, '2020-03-07 22:40:44', 4);
insert into Activity (course, student, date, type) values (9, 109, '2020-05-26 14:48:00', 1);
insert into Activity (course, student, date, type) values (3, 4, '2020-02-14 14:39:37', 1);
insert into Activity (course, student, date, type) values (3, 54, '2020-05-01 18:14:12', 5);
insert into Activity (course, student, date, type) values (8, 51, '2020-03-13 22:48:17', 7);
insert into Activity (course, student, date, type) values (7, 19, '2020-04-14 00:51:45', 2);
insert into Activity (course, student, date, type) values (6, 10, '2020-04-13 15:45:50', 4);
insert into Activity (course, student, date, type) values (5, 71, '2020-02-24 20:30:59', 3);
insert into Activity (course, student, date, type) values (6, 85, '2020-02-20 08:19:07', 3);
insert into Activity (course, student, date, type) values (10, 158, '2020-05-18 16:53:05', 5);
insert into Activity (course, student, date, type) values (10, 83, '2020-02-29 10:03:30', 5);
insert into Activity (course, student, date, type) values (2, 23, '2020-05-02 03:16:13', 5);
insert into Activity (course, student, date, type) values (10, 16, '2020-05-06 23:31:47', 7);
insert into Activity (course, student, date, type) values (1, 174, '2020-02-29 01:55:45', 3);
insert into Activity (course, student, date, type) values (5, 116, '2020-04-06 17:10:28', 3);
insert into Activity (course, student, date, type) values (9, 143, '2020-04-19 05:48:44', 3);
insert into Activity (course, student, date, type) values (3, 120, '2020-05-05 08:28:47', 3);
insert into Activity (course, student, date, type) values (8, 27, '2020-02-10 04:36:00', 7);
insert into Activity (course, student, date, type) values (9, 67, '2020-04-18 12:34:29', 1);
insert into Activity (course, student, date, type) values (5, 168, '2020-03-31 16:21:26', 2);
insert into Activity (course, student, date, type) values (1, 158, '2020-05-15 00:10:51', 3);
insert into Activity (course, student, date, type) values (6, 156, '2020-05-14 07:11:34', 3);
insert into Activity (course, student, date, type) values (7, 154, '2020-03-10 13:38:53', 6);
insert into Activity (course, student, date, type) values (1, 13, '2020-03-13 14:25:09', 4);
insert into Activity (course, student, date, type) values (1, 56, '2020-02-10 15:00:26', 3);
insert into Activity (course, student, date, type) values (6, 22, '2020-04-10 12:07:58', 3);
insert into Activity (course, student, date, type) values (1, 197, '2020-04-15 01:21:49', 4);
insert into Activity (course, student, date, type) values (5, 35, '2020-03-23 22:00:55', 1);
insert into Activity (course, student, date, type) values (8, 142, '2020-04-23 11:54:47', 7);
insert into Activity (course, student, date, type) values (2, 48, '2020-02-12 03:19:57', 4);
insert into Activity (course, student, date, type) values (3, 130, '2020-03-05 19:46:23', 4);
insert into Activity (course, student, date, type) values (5, 90, '2020-04-13 17:20:47', 5);
insert into Activity (course, student, date, type) values (1, 46, '2020-05-21 10:38:31', 6);
insert into Activity (course, student, date, type) values (8, 133, '2020-05-26 21:09:03', 3);
insert into Activity (course, student, date, type) values (5, 25, '2020-05-15 11:10:38', 3);
insert into Activity (course, student, date, type) values (1, 143, '2020-05-23 19:31:29', 2);
insert into Activity (course, student, date, type) values (10, 40, '2020-03-17 00:08:18', 6);
insert into Activity (course, student, date, type) values (1, 119, '2020-04-24 09:57:37', 3);
insert into Activity (course, student, date, type) values (3, 94, '2020-04-27 05:13:25', 6);
insert into Activity (course, student, date, type) values (2, 190, '2020-03-07 14:57:41', 3);
insert into Activity (course, student, date, type) values (4, 158, '2020-03-17 01:31:18', 7);
insert into Activity (course, student, date, type) values (5, 58, '2020-04-26 08:57:49', 3);
insert into Activity (course, student, date, type) values (1, 3, '2020-04-28 08:11:18', 2);
insert into Activity (course, student, date, type) values (9, 105, '2020-02-19 07:01:31', 5);
insert into Activity (course, student, date, type) values (7, 160, '2020-03-30 20:18:27', 2);
insert into Activity (course, student, date, type) values (1, 197, '2020-04-05 10:01:29', 2);
insert into Activity (course, student, date, type) values (2, 97, '2020-02-29 14:59:34', 2);
insert into Activity (course, student, date, type) values (1, 160, '2020-05-20 12:07:01', 1);
insert into Activity (course, student, date, type) values (7, 127, '2020-05-03 03:50:44', 7);
insert into Activity (course, student, date, type) values (5, 46, '2020-05-08 12:51:05', 1);
insert into Activity (course, student, date, type) values (4, 80, '2020-04-19 12:25:19', 5);
insert into Activity (course, student, date, type) values (10, 157, '2020-02-19 15:51:44', 2);
insert into Activity (course, student, date, type) values (4, 24, '2020-05-22 20:12:55', 4);
insert into Activity (course, student, date, type) values (1, 70, '2020-05-21 01:02:57', 7);
insert into Activity (course, student, date, type) values (3, 24, '2020-04-24 04:29:43', 1);
insert into Activity (course, student, date, type) values (4, 146, '2020-02-28 03:17:19', 5);
insert into Activity (course, student, date, type) values (3, 163, '2020-05-01 04:27:08', 1);
insert into Activity (course, student, date, type) values (7, 14, '2020-02-24 05:02:39', 6);
insert into Activity (course, student, date, type) values (2, 70, '2020-03-01 06:05:58', 6);
insert into Activity (course, student, date, type) values (3, 143, '2020-05-23 03:39:39', 6);
insert into Activity (course, student, date, type) values (1, 158, '2020-03-11 06:32:57', 5);
insert into Activity (course, student, date, type) values (7, 161, '2020-03-25 12:06:51', 3);
insert into Activity (course, student, date, type) values (1, 70, '2020-02-20 19:59:01', 5);
insert into Activity (course, student, date, type) values (6, 40, '2020-03-25 13:07:28', 2);
insert into Activity (course, student, date, type) values (6, 143, '2020-02-17 20:57:24', 3);
insert into Activity (course, student, date, type) values (6, 11, '2020-04-08 07:08:30', 6);
insert into Activity (course, student, date, type) values (4, 173, '2020-02-10 14:02:53', 3);
insert into Activity (course, student, date, type) values (8, 29, '2020-04-15 23:26:12', 1);
insert into Activity (course, student, date, type) values (2, 106, '2020-02-25 23:35:52', 6);
insert into Activity (course, student, date, type) values (6, 86, '2020-03-04 21:57:27', 3);
insert into Activity (course, student, date, type) values (2, 113, '2020-02-28 11:13:35', 7);
insert into Activity (course, student, date, type) values (8, 106, '2020-04-17 19:55:43', 2);
insert into Activity (course, student, date, type) values (6, 79, '2020-03-07 06:42:24', 2);
insert into Activity (course, student, date, type) values (3, 57, '2020-05-11 17:41:36', 6);
insert into Activity (course, student, date, type) values (4, 16, '2020-02-18 17:53:21', 5);
insert into Activity (course, student, date, type) values (10, 127, '2020-05-02 19:01:35', 4);
insert into Activity (course, student, date, type) values (2, 144, '2020-03-20 08:59:29', 3);
insert into Activity (course, student, date, type) values (1, 31, '2020-04-06 03:48:12', 2);
insert into Activity (course, student, date, type) values (1, 78, '2020-02-10 00:40:21', 4);
insert into Activity (course, student, date, type) values (9, 103, '2020-02-14 15:02:22', 4);
insert into Activity (course, student, date, type) values (6, 34, '2020-04-30 13:33:28', 7);
insert into Activity (course, student, date, type) values (3, 111, '2020-05-16 21:37:37', 5);
insert into Activity (course, student, date, type) values (5, 187, '2020-05-25 11:34:13', 5);
insert into Activity (course, student, date, type) values (1, 28, '2020-03-11 16:54:04', 3);
insert into Activity (course, student, date, type) values (9, 24, '2020-04-26 07:41:27', 4);
insert into Activity (course, student, date, type) values (10, 159, '2020-05-07 05:39:25', 3);
insert into Activity (course, student, date, type) values (7, 90, '2020-02-23 05:22:22', 6);
insert into Activity (course, student, date, type) values (5, 182, '2020-02-17 16:04:34', 3);
insert into Activity (course, student, date, type) values (1, 3, '2020-05-08 20:38:18', 2);
insert into Activity (course, student, date, type) values (10, 69, '2020-03-06 03:21:44', 4);
insert into Activity (course, student, date, type) values (2, 50, '2020-02-21 17:36:01', 7);
insert into Activity (course, student, date, type) values (3, 79, '2020-02-25 05:30:10', 7);
insert into Activity (course, student, date, type) values (8, 121, '2020-04-27 19:45:30', 6);
insert into Activity (course, student, date, type) values (6, 93, '2020-03-28 22:01:17', 4);
insert into Activity (course, student, date, type) values (6, 25, '2020-02-28 20:43:06', 1);
insert into Activity (course, student, date, type) values (7, 94, '2020-02-22 23:03:18', 3);
insert into Activity (course, student, date, type) values (4, 29, '2020-03-04 12:03:55', 2);
insert into Activity (course, student, date, type) values (3, 92, '2020-02-25 12:20:24', 1);
insert into Activity (course, student, date, type) values (8, 97, '2020-03-16 21:15:55', 2);
insert into Activity (course, student, date, type) values (6, 33, '2020-04-07 16:05:06', 6);
insert into Activity (course, student, date, type) values (3, 18, '2020-03-06 17:30:02', 5);
insert into Activity (course, student, date, type) values (4, 171, '2020-02-22 10:37:10', 4);
insert into Activity (course, student, date, type) values (1, 20, '2020-05-18 03:43:57', 6);
insert into Activity (course, student, date, type) values (2, 128, '2020-03-16 01:36:42', 1);
insert into Activity (course, student, date, type) values (3, 35, '2020-04-10 09:17:51', 5);
insert into Activity (course, student, date, type) values (9, 49, '2020-05-05 03:38:16', 6);
insert into Activity (course, student, date, type) values (2, 155, '2020-03-07 18:52:35', 1);
insert into Activity (course, student, date, type) values (4, 74, '2020-02-21 14:31:48', 6);
insert into Activity (course, student, date, type) values (3, 134, '2020-05-08 16:34:05', 5);
insert into Activity (course, student, date, type) values (5, 163, '2020-03-16 15:41:50', 7);
insert into Activity (course, student, date, type) values (4, 118, '2020-03-04 06:40:36', 5);
insert into Activity (course, student, date, type) values (6, 135, '2020-02-24 22:28:26', 4);
insert into Activity (course, student, date, type) values (10, 186, '2020-03-10 04:23:03', 7);
insert into Activity (course, student, date, type) values (3, 24, '2020-02-10 01:34:37', 5);
insert into Activity (course, student, date, type) values (1, 151, '2020-03-09 16:33:09', 4);
insert into Activity (course, student, date, type) values (9, 49, '2020-05-26 01:55:16', 6);
insert into Activity (course, student, date, type) values (2, 4, '2020-03-18 02:28:12', 6);
insert into Activity (course, student, date, type) values (1, 190, '2020-05-15 16:17:50', 4);
insert into Activity (course, student, date, type) values (5, 68, '2020-04-07 17:18:44', 2);
insert into Activity (course, student, date, type) values (4, 28, '2020-02-21 03:11:17', 7);
insert into Activity (course, student, date, type) values (5, 176, '2020-02-16 15:37:07', 2);
insert into Activity (course, student, date, type) values (10, 100, '2020-04-12 21:51:37', 3);
insert into Activity (course, student, date, type) values (4, 191, '2020-03-19 13:17:37', 5);
insert into Activity (course, student, date, type) values (7, 140, '2020-05-11 02:04:40', 6);
insert into Activity (course, student, date, type) values (3, 151, '2020-05-16 01:11:50', 5);
insert into Activity (course, student, date, type) values (2, 112, '2020-02-24 07:41:40', 7);
insert into Activity (course, student, date, type) values (10, 57, '2020-04-23 17:55:38', 2);
insert into Activity (course, student, date, type) values (4, 189, '2020-04-01 12:23:42', 4);
insert into Activity (course, student, date, type) values (3, 116, '2020-04-27 07:07:46', 1);
insert into Activity (course, student, date, type) values (5, 7, '2020-04-14 06:12:40', 5);
insert into Activity (course, student, date, type) values (3, 159, '2020-02-19 22:48:45', 3);
insert into Activity (course, student, date, type) values (3, 187, '2020-02-16 08:07:49', 2);
insert into Activity (course, student, date, type) values (9, 49, '2020-03-12 18:49:21', 3);
insert into Activity (course, student, date, type) values (3, 56, '2020-04-11 04:19:47', 5);
insert into Activity (course, student, date, type) values (7, 158, '2020-05-24 03:07:16', 1);
insert into Activity (course, student, date, type) values (7, 155, '2020-04-11 07:52:35', 4);
insert into Activity (course, student, date, type) values (7, 130, '2020-04-05 19:11:23', 3);
insert into Activity (course, student, date, type) values (5, 130, '2020-05-08 10:03:25', 4);
insert into Activity (course, student, date, type) values (5, 118, '2020-04-28 02:57:05', 1);
insert into Activity (course, student, date, type) values (2, 161, '2020-04-11 15:20:26', 2);
insert into Activity (course, student, date, type) values (3, 21, '2020-04-04 02:08:10', 6);
insert into Activity (course, student, date, type) values (3, 17, '2020-05-22 11:39:16', 5);
insert into Activity (course, student, date, type) values (9, 35, '2020-04-07 00:17:17', 6);
insert into Activity (course, student, date, type) values (2, 33, '2020-04-05 08:07:21', 4);
insert into Activity (course, student, date, type) values (6, 130, '2020-05-16 15:00:48', 6);
insert into Activity (course, student, date, type) values (2, 101, '2020-03-06 15:30:28', 7);
insert into Activity (course, student, date, type) values (9, 133, '2020-03-10 19:17:34', 4);
insert into Activity (course, student, date, type) values (2, 88, '2020-02-29 08:57:20', 3);
insert into Activity (course, student, date, type) values (5, 96, '2020-05-22 11:58:57', 7);
insert into Activity (course, student, date, type) values (1, 40, '2020-05-11 10:40:28', 7);
insert into Activity (course, student, date, type) values (1, 193, '2020-05-13 10:26:59', 7);
insert into Activity (course, student, date, type) values (5, 40, '2020-02-18 10:01:00', 6);
insert into Activity (course, student, date, type) values (1, 198, '2020-04-19 21:04:52', 7);
insert into Activity (course, student, date, type) values (2, 108, '2020-03-31 20:34:37', 3);
insert into Activity (course, student, date, type) values (5, 107, '2020-02-23 08:59:37', 3);
insert into Activity (course, student, date, type) values (7, 3, '2020-03-11 10:25:16', 4);
insert into Activity (course, student, date, type) values (5, 196, '2020-02-18 10:30:49', 5);
insert into Activity (course, student, date, type) values (10, 26, '2020-05-23 04:58:32', 7);
insert into Activity (course, student, date, type) values (8, 60, '2020-04-12 04:40:58', 7);
insert into Activity (course, student, date, type) values (3, 118, '2020-03-11 08:43:01', 6);
insert into Activity (course, student, date, type) values (1, 76, '2020-05-13 22:02:32', 6);
insert into Activity (course, student, date, type) values (5, 135, '2020-02-18 09:08:02', 1);
insert into Activity (course, student, date, type) values (6, 32, '2020-03-15 01:54:19', 4);
insert into Activity (course, student, date, type) values (3, 144, '2020-05-14 02:52:59', 2);
insert into Activity (course, student, date, type) values (1, 17, '2020-04-22 23:29:42', 4);
insert into Activity (course, student, date, type) values (4, 53, '2020-02-14 20:02:38', 5);
insert into Activity (course, student, date, type) values (5, 135, '2020-04-06 09:05:37', 3);
insert into Activity (course, student, date, type) values (5, 42, '2020-03-03 17:43:03', 6);
insert into Activity (course, student, date, type) values (10, 145, '2020-04-23 06:17:53', 3);
insert into Activity (course, student, date, type) values (10, 98, '2020-03-21 01:14:46', 6);
insert into Activity (course, student, date, type) values (3, 63, '2020-03-10 01:15:15', 5);
insert into Activity (course, student, date, type) values (8, 109, '2020-05-22 23:35:57', 4);
insert into Activity (course, student, date, type) values (5, 41, '2020-05-27 01:55:44', 7);
insert into Activity (course, student, date, type) values (4, 40, '2020-02-26 09:52:01', 2);
insert into Activity (course, student, date, type) values (8, 90, '2020-03-15 22:57:06', 1);
insert into Activity (course, student, date, type) values (4, 24, '2020-04-16 22:11:48', 2);
insert into Activity (course, student, date, type) values (3, 124, '2020-04-27 04:06:11', 4);
insert into Activity (course, student, date, type) values (7, 43, '2020-05-19 10:43:58', 4);
insert into Activity (course, student, date, type) values (9, 147, '2020-04-17 04:15:27', 1);
insert into Activity (course, student, date, type) values (7, 61, '2020-03-24 11:12:27', 6);
insert into Activity (course, student, date, type) values (5, 114, '2020-02-21 10:44:30', 6);
insert into Activity (course, student, date, type) values (9, 9, '2020-02-12 03:21:12', 4);
insert into Activity (course, student, date, type) values (5, 52, '2020-04-17 02:16:00', 3);
insert into Activity (course, student, date, type) values (4, 24, '2020-04-05 05:16:45', 2);
insert into Activity (course, student, date, type) values (10, 8, '2020-04-10 22:33:34', 7);
insert into Activity (course, student, date, type) values (8, 189, '2020-04-10 01:41:24', 2);
insert into Activity (course, student, date, type) values (2, 92, '2020-03-07 13:34:58', 3);
insert into Activity (course, student, date, type) values (10, 61, '2020-03-10 14:22:06', 1);
insert into Activity (course, student, date, type) values (8, 116, '2020-04-09 00:59:35', 2);
insert into Activity (course, student, date, type) values (6, 150, '2020-02-20 20:11:48', 5);
insert into Activity (course, student, date, type) values (2, 155, '2020-04-03 08:36:21', 5);
insert into Activity (course, student, date, type) values (2, 111, '2020-04-10 11:45:14', 4);
insert into Activity (course, student, date, type) values (4, 165, '2020-05-27 11:02:58', 2);
insert into Activity (course, student, date, type) values (1, 173, '2020-03-21 12:13:27', 5);
insert into Activity (course, student, date, type) values (9, 32, '2020-03-11 18:00:13', 1);
insert into Activity (course, student, date, type) values (2, 49, '2020-04-17 09:53:58', 1);
insert into Activity (course, student, date, type) values (8, 55, '2020-05-07 03:21:32', 1);
insert into Activity (course, student, date, type) values (7, 200, '2020-03-27 23:21:24', 6);
insert into Activity (course, student, date, type) values (1, 93, '2020-04-18 12:28:56', 4);
insert into Activity (course, student, date, type) values (5, 95, '2020-05-13 23:37:58', 4);
insert into Activity (course, student, date, type) values (3, 157, '2020-04-02 16:45:00', 1);
insert into Activity (course, student, date, type) values (3, 198, '2020-02-19 10:05:33', 4);
insert into Activity (course, student, date, type) values (3, 68, '2020-04-30 11:45:31', 2);
insert into Activity (course, student, date, type) values (3, 123, '2020-02-17 12:36:47', 6);
insert into Activity (course, student, date, type) values (6, 134, '2020-03-14 11:31:32', 6);
insert into Activity (course, student, date, type) values (10, 142, '2020-03-23 06:09:58', 7);
insert into Activity (course, student, date, type) values (5, 100, '2020-03-05 04:03:19', 3);
insert into Activity (course, student, date, type) values (6, 27, '2020-04-08 07:00:16', 2);
insert into Activity (course, student, date, type) values (9, 16, '2020-03-08 05:38:52', 5);
insert into Activity (course, student, date, type) values (5, 7, '2020-05-23 22:56:35', 1);
insert into Activity (course, student, date, type) values (9, 158, '2020-05-13 07:31:23', 5);
insert into Activity (course, student, date, type) values (4, 116, '2020-02-20 05:58:04', 7);
insert into Activity (course, student, date, type) values (3, 170, '2020-05-01 19:00:31', 7);
insert into Activity (course, student, date, type) values (4, 9, '2020-04-22 04:09:43', 2);
insert into Activity (course, student, date, type) values (1, 124, '2020-04-05 13:27:49', 3);
insert into Activity (course, student, date, type) values (2, 169, '2020-04-03 13:27:18', 4);
insert into Activity (course, student, date, type) values (10, 10, '2020-04-28 05:15:30', 4);
insert into Activity (course, student, date, type) values (6, 13, '2020-03-23 13:38:02', 3);
insert into Activity (course, student, date, type) values (4, 154, '2020-03-27 13:52:40', 4);
insert into Activity (course, student, date, type) values (9, 57, '2020-05-04 21:27:58', 5);
insert into Activity (course, student, date, type) values (10, 166, '2020-05-04 11:30:24', 2);
insert into Activity (course, student, date, type) values (4, 74, '2020-04-24 08:00:57', 4);
insert into Activity (course, student, date, type) values (10, 62, '2020-05-14 16:33:01', 7);
insert into Activity (course, student, date, type) values (10, 76, '2020-02-24 11:10:13', 5);
insert into Activity (course, student, date, type) values (3, 9, '2020-03-11 11:31:01', 2);
insert into Activity (course, student, date, type) values (6, 28, '2020-04-11 01:54:02', 7);
insert into Activity (course, student, date, type) values (3, 46, '2020-05-10 01:02:31', 2);
insert into Activity (course, student, date, type) values (1, 82, '2020-03-15 23:17:53', 7);
insert into Activity (course, student, date, type) values (2, 45, '2020-05-13 02:21:07', 4);
insert into Activity (course, student, date, type) values (6, 49, '2020-03-08 17:50:16', 4);
insert into Activity (course, student, date, type) values (4, 143, '2020-05-12 17:40:53', 4);
insert into Activity (course, student, date, type) values (8, 5, '2020-02-28 16:45:23', 3);
insert into Activity (course, student, date, type) values (7, 59, '2020-05-13 15:58:43', 2);
insert into Activity (course, student, date, type) values (3, 42, '2020-04-19 05:24:15', 7);
insert into Activity (course, student, date, type) values (5, 46, '2020-05-10 20:06:41', 5);
insert into Activity (course, student, date, type) values (9, 94, '2020-04-24 08:51:58', 5);
insert into Activity (course, student, date, type) values (9, 151, '2020-04-15 07:26:01', 1);
insert into Activity (course, student, date, type) values (8, 110, '2020-02-27 04:15:03', 5);
insert into Activity (course, student, date, type) values (5, 15, '2020-04-18 14:11:46', 2);
insert into Activity (course, student, date, type) values (3, 97, '2020-05-07 22:45:49', 7);
insert into Activity (course, student, date, type) values (10, 198, '2020-04-06 04:58:41', 1);
insert into Activity (course, student, date, type) values (2, 96, '2020-03-06 04:47:02', 5);
insert into Activity (course, student, date, type) values (9, 22, '2020-05-20 04:55:56', 2);
insert into Activity (course, student, date, type) values (5, 107, '2020-05-24 16:08:48', 2);
insert into Activity (course, student, date, type) values (10, 182, '2020-03-10 13:41:39', 3);
insert into Activity (course, student, date, type) values (6, 1, '2020-05-17 14:27:54', 2);
insert into Activity (course, student, date, type) values (10, 152, '2020-04-12 17:58:54', 5);
insert into Activity (course, student, date, type) values (8, 150, '2020-04-09 08:25:09', 5);
insert into Activity (course, student, date, type) values (3, 147, '2020-04-16 00:51:54', 6);
insert into Activity (course, student, date, type) values (9, 28, '2020-03-10 14:43:20', 5);
insert into Activity (course, student, date, type) values (10, 136, '2020-04-27 12:42:54', 5);
insert into Activity (course, student, date, type) values (4, 96, '2020-02-18 08:57:51', 7);
insert into Activity (course, student, date, type) values (10, 68, '2020-03-28 20:21:48', 6);
insert into Activity (course, student, date, type) values (9, 127, '2020-02-12 07:40:53', 2);
insert into Activity (course, student, date, type) values (6, 70, '2020-03-20 09:32:33', 4);
insert into Activity (course, student, date, type) values (2, 125, '2020-05-24 06:00:03', 4);
insert into Activity (course, student, date, type) values (4, 164, '2020-03-15 06:14:31', 6);
insert into Activity (course, student, date, type) values (5, 151, '2020-03-24 19:52:22', 6);
insert into Activity (course, student, date, type) values (8, 25, '2020-02-17 05:45:58', 5);
insert into Activity (course, student, date, type) values (3, 177, '2020-05-16 13:35:29', 5);
insert into Activity (course, student, date, type) values (4, 50, '2020-05-06 07:01:55', 7);
insert into Activity (course, student, date, type) values (3, 66, '2020-02-26 15:38:50', 2);
insert into Activity (course, student, date, type) values (8, 170, '2020-04-10 01:02:26', 7);
insert into Activity (course, student, date, type) values (10, 73, '2020-03-02 18:25:37', 1);
insert into Activity (course, student, date, type) values (4, 97, '2020-03-07 15:35:45', 4);
insert into Activity (course, student, date, type) values (9, 144, '2020-05-01 03:00:32', 1);
insert into Activity (course, student, date, type) values (3, 34, '2020-02-29 15:49:50', 1);
insert into Activity (course, student, date, type) values (7, 32, '2020-03-22 09:01:36', 2);
insert into Activity (course, student, date, type) values (4, 92, '2020-05-05 19:15:51', 6);
insert into Activity (course, student, date, type) values (8, 12, '2020-02-13 19:28:36', 6);
insert into Activity (course, student, date, type) values (7, 11, '2020-02-17 23:55:37', 1);
insert into Activity (course, student, date, type) values (5, 7, '2020-05-18 03:13:17', 4);
insert into Activity (course, student, date, type) values (9, 86, '2020-04-25 02:16:10', 5);
insert into Activity (course, student, date, type) values (4, 5, '2020-03-16 07:51:05', 7);
insert into Activity (course, student, date, type) values (8, 19, '2020-03-28 17:42:11', 2);
insert into Activity (course, student, date, type) values (10, 169, '2020-05-23 13:45:23', 1);
insert into Activity (course, student, date, type) values (6, 74, '2020-04-24 16:27:52', 7);
insert into Activity (course, student, date, type) values (3, 186, '2020-02-26 12:13:33', 6);
insert into Activity (course, student, date, type) values (9, 85, '2020-04-28 02:06:31', 1);
insert into Activity (course, student, date, type) values (9, 138, '2020-02-13 10:32:24', 3);
insert into Activity (course, student, date, type) values (6, 80, '2020-03-15 19:27:27', 2);
insert into Activity (course, student, date, type) values (7, 189, '2020-04-28 17:02:41', 4);
insert into Activity (course, student, date, type) values (5, 35, '2020-03-18 07:30:32', 3);
insert into Activity (course, student, date, type) values (8, 158, '2020-03-14 23:19:03', 2);
insert into Activity (course, student, date, type) values (7, 102, '2020-04-25 14:28:44', 2);
insert into Activity (course, student, date, type) values (6, 141, '2020-04-05 14:44:21', 6);
insert into Activity (course, student, date, type) values (3, 21, '2020-04-28 13:26:48', 5);
insert into Activity (course, student, date, type) values (7, 48, '2020-03-19 23:20:48', 6);
insert into Activity (course, student, date, type) values (8, 57, '2020-03-30 16:53:45', 7);
insert into Activity (course, student, date, type) values (10, 116, '2020-05-17 20:47:23', 6);
insert into Activity (course, student, date, type) values (7, 40, '2020-05-06 12:48:32', 6);
insert into Activity (course, student, date, type) values (2, 155, '2020-03-04 07:24:12', 2);
insert into Activity (course, student, date, type) values (7, 130, '2020-02-17 03:42:54', 2);
insert into Activity (course, student, date, type) values (7, 196, '2020-05-28 09:41:11', 7);
insert into Activity (course, student, date, type) values (9, 183, '2020-05-22 23:13:13', 6);
insert into Activity (course, student, date, type) values (10, 65, '2020-04-28 01:56:18', 6);
insert into Activity (course, student, date, type) values (8, 59, '2020-02-17 10:05:46', 4);
insert into Activity (course, student, date, type) values (6, 11, '2020-05-24 21:29:34', 6);
insert into Activity (course, student, date, type) values (5, 39, '2020-04-19 21:56:03', 4);
insert into Activity (course, student, date, type) values (10, 55, '2020-02-21 16:26:14', 6);
insert into Activity (course, student, date, type) values (2, 140, '2020-02-23 23:22:09', 6);
insert into Activity (course, student, date, type) values (3, 92, '2020-04-13 00:03:26', 4);
insert into Activity (course, student, date, type) values (10, 41, '2020-05-04 16:14:56', 7);
insert into Activity (course, student, date, type) values (4, 102, '2020-02-25 21:17:39', 1);
insert into Activity (course, student, date, type) values (6, 164, '2020-04-13 02:26:31', 6);
insert into Activity (course, student, date, type) values (4, 121, '2020-03-15 01:00:17', 4);
insert into Activity (course, student, date, type) values (9, 60, '2020-05-24 12:27:07', 2);
insert into Activity (course, student, date, type) values (4, 9, '2020-03-15 06:45:06', 1);
insert into Activity (course, student, date, type) values (1, 147, '2020-02-13 07:50:11', 1);
insert into Activity (course, student, date, type) values (8, 31, '2020-03-17 12:29:08', 3);
insert into Activity (course, student, date, type) values (6, 182, '2020-02-21 03:47:25', 2);
insert into Activity (course, student, date, type) values (8, 180, '2020-03-30 09:11:26', 7);
insert into Activity (course, student, date, type) values (3, 40, '2020-04-22 22:17:04', 6);
insert into Activity (course, student, date, type) values (7, 150, '2020-02-27 00:27:08', 5);
insert into Activity (course, student, date, type) values (7, 197, '2020-05-18 10:39:42', 2);
insert into Activity (course, student, date, type) values (3, 113, '2020-05-09 19:22:53', 6);
insert into Activity (course, student, date, type) values (6, 147, '2020-02-13 23:37:46', 7);
insert into Activity (course, student, date, type) values (3, 162, '2020-02-18 15:49:20', 1);
insert into Activity (course, student, date, type) values (9, 149, '2020-02-11 18:17:04', 7);
insert into Activity (course, student, date, type) values (5, 78, '2020-04-19 05:16:15', 7);
insert into Activity (course, student, date, type) values (2, 38, '2020-04-12 10:37:51', 7);
insert into Activity (course, student, date, type) values (1, 122, '2020-02-19 16:44:22', 4);
insert into Activity (course, student, date, type) values (3, 200, '2020-02-17 06:55:49', 2);
insert into Activity (course, student, date, type) values (3, 16, '2020-03-11 05:42:08', 4);
insert into Activity (course, student, date, type) values (4, 130, '2020-03-02 12:42:17', 4);
insert into Activity (course, student, date, type) values (8, 141, '2020-03-21 10:11:28', 1);
insert into Activity (course, student, date, type) values (10, 42, '2020-03-06 00:59:22', 6);
insert into Activity (course, student, date, type) values (3, 98, '2020-05-21 13:22:55', 3);
insert into Activity (course, student, date, type) values (8, 75, '2020-05-15 03:45:23', 1);
insert into Activity (course, student, date, type) values (8, 86, '2020-04-26 00:33:57', 6);
insert into Activity (course, student, date, type) values (6, 118, '2020-04-09 13:22:53', 1);
insert into Activity (course, student, date, type) values (10, 5, '2020-04-03 03:16:01', 2);
insert into Activity (course, student, date, type) values (3, 151, '2020-04-11 06:48:31', 1);
insert into Activity (course, student, date, type) values (7, 111, '2020-04-01 23:36:28', 3);
insert into Activity (course, student, date, type) values (1, 51, '2020-05-15 03:55:40', 4);
insert into Activity (course, student, date, type) values (5, 55, '2020-04-25 08:03:46', 3);
insert into Activity (course, student, date, type) values (7, 192, '2020-05-23 09:17:07', 2);
insert into Activity (course, student, date, type) values (7, 198, '2020-04-24 16:41:58', 4);
insert into Activity (course, student, date, type) values (7, 136, '2020-05-03 06:36:24', 1);
insert into Activity (course, student, date, type) values (7, 196, '2020-05-01 11:34:53', 2);
insert into Activity (course, student, date, type) values (10, 63, '2020-02-22 16:29:54', 5);
insert into Activity (course, student, date, type) values (7, 92, '2020-04-03 14:32:33', 1);
insert into Activity (course, student, date, type) values (7, 195, '2020-05-27 20:09:44', 2);
insert into Activity (course, student, date, type) values (4, 111, '2020-05-20 13:04:54', 1);
insert into Activity (course, student, date, type) values (2, 106, '2020-05-21 12:01:57', 5);
insert into Activity (course, student, date, type) values (6, 155, '2020-02-27 16:10:11', 2);
insert into Activity (course, student, date, type) values (7, 192, '2020-04-27 06:20:16', 6);
insert into Activity (course, student, date, type) values (9, 173, '2020-04-19 00:46:28', 1);
insert into Activity (course, student, date, type) values (10, 112, '2020-02-20 18:40:21', 2);
insert into Activity (course, student, date, type) values (5, 182, '2020-04-20 07:55:10', 1);
insert into Activity (course, student, date, type) values (8, 56, '2020-05-27 10:48:18', 1);
insert into Activity (course, student, date, type) values (4, 89, '2020-04-19 02:48:14', 4);
insert into Activity (course, student, date, type) values (4, 120, '2020-03-14 01:53:29', 7);
insert into Activity (course, student, date, type) values (2, 149, '2020-05-15 21:14:31', 4);
insert into Activity (course, student, date, type) values (6, 6, '2020-03-14 13:06:49', 3);
insert into Activity (course, student, date, type) values (8, 17, '2020-05-14 04:40:28', 3);
insert into Activity (course, student, date, type) values (9, 105, '2020-03-03 11:49:33', 5);
insert into Activity (course, student, date, type) values (2, 128, '2020-05-16 06:59:47', 7);
insert into Activity (course, student, date, type) values (4, 67, '2020-05-12 17:18:04', 1);
insert into Activity (course, student, date, type) values (2, 153, '2020-05-24 20:43:51', 5);
insert into Activity (course, student, date, type) values (10, 96, '2020-05-08 05:46:14', 2);
insert into Activity (course, student, date, type) values (9, 147, '2020-05-22 16:48:54', 6);
insert into Activity (course, student, date, type) values (7, 19, '2020-02-27 10:47:43', 3);
insert into Activity (course, student, date, type) values (5, 186, '2020-04-24 21:43:06', 5);
insert into Activity (course, student, date, type) values (9, 186, '2020-02-13 01:03:40', 3);
insert into Activity (course, student, date, type) values (7, 164, '2020-03-18 19:19:25', 1);
insert into Activity (course, student, date, type) values (6, 154, '2020-05-28 10:51:47', 3);
insert into Activity (course, student, date, type) values (3, 199, '2020-03-15 01:09:39', 3);
insert into Activity (course, student, date, type) values (5, 41, '2020-04-12 00:15:03', 1);
insert into Activity (course, student, date, type) values (3, 142, '2020-04-06 15:22:43', 5);
insert into Activity (course, student, date, type) values (6, 68, '2020-03-14 14:12:19', 6);
insert into Activity (course, student, date, type) values (1, 135, '2020-04-12 05:47:42', 4);
insert into Activity (course, student, date, type) values (8, 21, '2020-02-26 01:17:48', 3);
insert into Activity (course, student, date, type) values (3, 120, '2020-03-31 05:29:09', 6);
insert into Activity (course, student, date, type) values (6, 33, '2020-05-11 14:22:33', 4);
insert into Activity (course, student, date, type) values (2, 46, '2020-04-10 01:45:22', 6);
insert into Activity (course, student, date, type) values (8, 55, '2020-04-15 16:25:23', 4);
insert into Activity (course, student, date, type) values (2, 10, '2020-04-22 13:47:37', 5);
insert into Activity (course, student, date, type) values (4, 109, '2020-03-20 01:37:57', 4);
insert into Activity (course, student, date, type) values (7, 78, '2020-02-27 10:33:51', 1);
insert into Activity (course, student, date, type) values (8, 160, '2020-05-29 08:11:27', 7);
insert into Activity (course, student, date, type) values (4, 165, '2020-05-15 02:20:02', 7);
insert into Activity (course, student, date, type) values (5, 124, '2020-04-10 18:50:03', 1);
insert into Activity (course, student, date, type) values (10, 45, '2020-03-26 09:03:09', 1);
insert into Activity (course, student, date, type) values (3, 199, '2020-03-20 23:27:47', 7);
insert into Activity (course, student, date, type) values (7, 190, '2020-04-18 03:33:58', 3);
insert into Activity (course, student, date, type) values (9, 74, '2020-05-15 02:15:35', 1);
insert into Activity (course, student, date, type) values (10, 174, '2020-04-11 15:56:04', 7);
insert into Activity (course, student, date, type) values (6, 87, '2020-05-24 20:15:51', 4);
insert into Activity (course, student, date, type) values (3, 45, '2020-04-08 14:53:54', 1);
insert into Activity (course, student, date, type) values (10, 84, '2020-03-15 01:06:51', 3);
insert into Activity (course, student, date, type) values (2, 29, '2020-05-25 12:37:19', 7);
insert into Activity (course, student, date, type) values (7, 23, '2020-02-11 05:54:32', 6);
insert into Activity (course, student, date, type) values (6, 164, '2020-05-09 00:58:06', 1);
insert into Activity (course, student, date, type) values (4, 46, '2020-05-25 08:01:47', 4);
insert into Activity (course, student, date, type) values (7, 185, '2020-04-22 02:25:33', 7);
insert into Activity (course, student, date, type) values (4, 162, '2020-03-05 05:30:48', 1);
insert into Activity (course, student, date, type) values (6, 119, '2020-05-24 09:49:24', 1);
insert into Activity (course, student, date, type) values (3, 1, '2020-03-29 05:40:09', 2);
insert into Activity (course, student, date, type) values (4, 90, '2020-05-24 04:50:17', 1);
insert into Activity (course, student, date, type) values (9, 130, '2020-02-15 13:04:33', 5);
insert into Activity (course, student, date, type) values (10, 72, '2020-04-09 01:14:08', 5);
insert into Activity (course, student, date, type) values (7, 109, '2020-04-14 13:10:14', 1);
insert into Activity (course, student, date, type) values (1, 185, '2020-05-17 20:08:16', 7);
insert into Activity (course, student, date, type) values (6, 120, '2020-05-04 00:29:58', 5);
insert into Activity (course, student, date, type) values (2, 104, '2020-03-28 00:12:49', 4);
insert into Activity (course, student, date, type) values (6, 15, '2020-05-22 06:02:06', 1);
insert into Activity (course, student, date, type) values (7, 96, '2020-03-12 09:40:47', 5);
insert into Activity (course, student, date, type) values (2, 162, '2020-03-17 07:08:15', 4);
insert into Activity (course, student, date, type) values (2, 81, '2020-02-22 12:23:53', 3);
insert into Activity (course, student, date, type) values (2, 160, '2020-03-26 18:46:41', 2);
insert into Activity (course, student, date, type) values (7, 200, '2020-05-03 15:44:41', 2);
insert into Activity (course, student, date, type) values (4, 112, '2020-03-03 03:06:02', 3);
insert into Activity (course, student, date, type) values (2, 82, '2020-05-06 21:42:39', 2);
insert into Activity (course, student, date, type) values (3, 136, '2020-04-03 12:36:25', 5);
insert into Activity (course, student, date, type) values (4, 72, '2020-05-02 04:01:42', 3);
insert into Activity (course, student, date, type) values (2, 91, '2020-02-10 00:56:36', 7);
insert into Activity (course, student, date, type) values (1, 45, '2020-04-10 01:31:18', 3);
insert into Activity (course, student, date, type) values (4, 38, '2020-04-17 20:23:02', 3);
insert into Activity (course, student, date, type) values (7, 167, '2020-05-19 01:08:43', 6);
insert into Activity (course, student, date, type) values (1, 141, '2020-05-17 17:35:53', 7);
insert into Activity (course, student, date, type) values (4, 127, '2020-03-24 19:00:21', 1);
insert into Activity (course, student, date, type) values (4, 146, '2020-04-26 17:34:21', 3);
insert into Activity (course, student, date, type) values (9, 93, '2020-04-07 06:51:38', 7);
insert into Activity (course, student, date, type) values (2, 188, '2020-03-25 16:06:00', 7);
insert into Activity (course, student, date, type) values (4, 153, '2020-05-10 09:18:43', 1);
insert into Activity (course, student, date, type) values (5, 12, '2020-04-20 12:37:41', 4);
insert into Activity (course, student, date, type) values (5, 147, '2020-05-23 02:45:51', 4);
insert into Activity (course, student, date, type) values (5, 92, '2020-05-05 08:28:41', 3);
insert into Activity (course, student, date, type) values (3, 66, '2020-04-19 03:11:45', 3);
insert into Activity (course, student, date, type) values (1, 69, '2020-04-05 11:48:02', 7);
insert into Activity (course, student, date, type) values (8, 77, '2020-05-14 21:11:05', 6);
insert into Activity (course, student, date, type) values (4, 10, '2020-03-17 06:21:12', 5);
insert into Activity (course, student, date, type) values (3, 132, '2020-02-19 02:56:52', 2);
insert into Activity (course, student, date, type) values (5, 129, '2020-04-08 07:58:14', 1);
insert into Activity (course, student, date, type) values (2, 136, '2020-02-22 02:13:31', 5);
insert into Activity (course, student, date, type) values (10, 132, '2020-03-27 13:37:18', 3);
insert into Activity (course, student, date, type) values (2, 153, '2020-02-14 17:09:18', 3);
insert into Activity (course, student, date, type) values (9, 160, '2020-04-29 16:30:23', 5);
insert into Activity (course, student, date, type) values (10, 109, '2020-04-04 15:02:26', 4);
insert into Activity (course, student, date, type) values (10, 33, '2020-04-15 22:37:24', 3);
insert into Activity (course, student, date, type) values (1, 157, '2020-03-13 13:47:22', 6);
insert into Activity (course, student, date, type) values (6, 1, '2020-04-11 16:29:42', 6);
insert into Activity (course, student, date, type) values (3, 108, '2020-02-22 13:24:15', 4);
insert into Activity (course, student, date, type) values (3, 169, '2020-05-26 21:42:56', 6);
insert into Activity (course, student, date, type) values (3, 196, '2020-04-29 23:08:25', 2);
insert into Activity (course, student, date, type) values (4, 6, '2020-04-19 14:38:00', 2);
insert into Activity (course, student, date, type) values (1, 189, '2020-03-17 14:49:09', 3);
insert into Activity (course, student, date, type) values (2, 166, '2020-02-12 11:53:52', 7);
insert into Activity (course, student, date, type) values (4, 136, '2020-04-08 00:24:35', 6);
insert into Activity (course, student, date, type) values (2, 161, '2020-04-16 06:35:28', 1);
insert into Activity (course, student, date, type) values (8, 8, '2020-02-14 08:43:28', 5);
insert into Activity (course, student, date, type) values (4, 14, '2020-05-16 03:51:26', 4);
insert into Activity (course, student, date, type) values (1, 51, '2020-04-25 23:21:59', 1);
insert into Activity (course, student, date, type) values (9, 88, '2020-03-03 05:37:26', 7);
insert into Activity (course, student, date, type) values (6, 32, '2020-04-21 11:27:51', 2);
insert into Activity (course, student, date, type) values (7, 52, '2020-05-21 16:13:23', 5);
insert into Activity (course, student, date, type) values (9, 23, '2020-03-03 03:39:18', 6);
insert into Activity (course, student, date, type) values (1, 96, '2020-02-11 12:37:17', 1);
insert into Activity (course, student, date, type) values (8, 118, '2020-03-05 07:43:01', 4);
insert into Activity (course, student, date, type) values (3, 125, '2020-02-12 00:49:01', 5);
insert into Activity (course, student, date, type) values (3, 179, '2020-05-05 06:44:08', 3);
insert into Activity (course, student, date, type) values (6, 133, '2020-05-23 09:58:54', 3);
insert into Activity (course, student, date, type) values (9, 175, '2020-04-30 08:01:16', 2);
insert into Activity (course, student, date, type) values (7, 174, '2020-05-16 21:18:01', 1);
insert into Activity (course, student, date, type) values (7, 149, '2020-04-06 00:22:21', 6);
insert into Activity (course, student, date, type) values (5, 155, '2020-03-23 15:01:35', 6);
insert into Activity (course, student, date, type) values (6, 190, '2020-04-16 10:57:20', 1);
insert into Activity (course, student, date, type) values (6, 188, '2020-04-10 03:16:30', 2);
insert into Activity (course, student, date, type) values (8, 70, '2020-04-20 07:16:16', 6);
insert into Activity (course, student, date, type) values (2, 196, '2020-02-14 11:06:07', 2);
insert into Activity (course, student, date, type) values (5, 120, '2020-03-25 16:14:16', 3);
insert into Activity (course, student, date, type) values (9, 90, '2020-04-25 15:08:55', 3);
insert into Activity (course, student, date, type) values (4, 136, '2020-03-05 10:37:59', 3);
insert into Activity (course, student, date, type) values (10, 30, '2020-04-26 10:33:45', 2);
insert into Activity (course, student, date, type) values (7, 50, '2020-03-15 08:30:49', 3);
insert into Activity (course, student, date, type) values (6, 197, '2020-05-09 12:06:20', 6);
insert into Activity (course, student, date, type) values (10, 197, '2020-02-18 13:42:08', 6);
insert into Activity (course, student, date, type) values (6, 180, '2020-04-09 07:09:05', 7);
insert into Activity (course, student, date, type) values (4, 182, '2020-04-26 16:28:32', 1);
insert into Activity (course, student, date, type) values (1, 130, '2020-05-25 06:10:52', 7);
insert into Activity (course, student, date, type) values (8, 111, '2020-03-25 10:21:51', 1);
insert into Activity (course, student, date, type) values (4, 119, '2020-03-18 13:59:48', 5);
insert into Activity (course, student, date, type) values (7, 4, '2020-05-22 17:08:33', 1);
insert into Activity (course, student, date, type) values (5, 63, '2020-05-16 05:10:35', 2);
insert into Activity (course, student, date, type) values (3, 50, '2020-05-14 20:05:33', 5);
insert into Activity (course, student, date, type) values (4, 197, '2020-03-01 01:14:21', 6);
insert into Activity (course, student, date, type) values (3, 153, '2020-03-10 21:05:04', 2);
insert into Activity (course, student, date, type) values (2, 55, '2020-04-14 16:32:56', 3);
insert into Activity (course, student, date, type) values (7, 38, '2020-03-27 18:56:04', 4);
insert into Activity (course, student, date, type) values (10, 114, '2020-04-03 09:47:12', 7);
insert into Activity (course, student, date, type) values (1, 189, '2020-05-19 20:01:37', 5);
insert into Activity (course, student, date, type) values (3, 53, '2020-03-27 05:35:07', 1);
insert into Activity (course, student, date, type) values (9, 144, '2020-05-28 21:50:47', 1);
insert into Activity (course, student, date, type) values (1, 133, '2020-03-13 22:10:34', 1);
insert into Activity (course, student, date, type) values (10, 98, '2020-05-20 14:34:17', 6);
insert into Activity (course, student, date, type) values (5, 129, '2020-04-17 04:24:38', 6);
insert into Activity (course, student, date, type) values (9, 22, '2020-04-23 12:27:12', 4);
insert into Activity (course, student, date, type) values (3, 66, '2020-03-28 04:54:01', 4);
insert into Activity (course, student, date, type) values (3, 105, '2020-04-02 14:01:07', 6);
insert into Activity (course, student, date, type) values (3, 173, '2020-03-11 05:23:09', 3);
insert into Activity (course, student, date, type) values (6, 187, '2020-05-13 17:49:02', 6);
insert into Activity (course, student, date, type) values (5, 87, '2020-05-03 02:00:36', 2);
insert into Activity (course, student, date, type) values (7, 88, '2020-05-01 20:09:09', 6);
insert into Activity (course, student, date, type) values (3, 160, '2020-02-19 10:36:50', 4);
insert into Activity (course, student, date, type) values (6, 76, '2020-03-29 00:57:05', 3);
insert into Activity (course, student, date, type) values (1, 99, '2020-04-22 23:18:07', 2);
insert into Activity (course, student, date, type) values (8, 7, '2020-05-07 01:40:40', 4);
insert into Activity (course, student, date, type) values (2, 113, '2020-05-27 08:30:42', 3);
insert into Activity (course, student, date, type) values (4, 16, '2020-02-13 03:33:58', 7);
insert into Activity (course, student, date, type) values (8, 175, '2020-03-09 15:44:36', 6);
insert into Activity (course, student, date, type) values (5, 49, '2020-05-08 03:48:14', 4);
insert into Activity (course, student, date, type) values (5, 38, '2020-04-28 06:50:33', 5);
insert into Activity (course, student, date, type) values (10, 171, '2020-03-27 06:16:10', 5);
insert into Activity (course, student, date, type) values (6, 143, '2020-05-10 19:56:46', 1);
insert into Activity (course, student, date, type) values (4, 53, '2020-04-17 22:03:25', 4);
insert into Activity (course, student, date, type) values (8, 157, '2020-02-26 04:35:12', 7);
insert into Activity (course, student, date, type) values (9, 130, '2020-03-28 13:03:35', 2);
insert into Activity (course, student, date, type) values (10, 114, '2020-02-21 21:20:43', 7);
insert into Activity (course, student, date, type) values (5, 107, '2020-05-17 17:12:31', 6);
insert into Activity (course, student, date, type) values (4, 182, '2020-04-01 19:01:54', 6);
insert into Activity (course, student, date, type) values (9, 9, '2020-02-10 19:34:25', 2);
insert into Activity (course, student, date, type) values (3, 34, '2020-02-28 13:29:31', 3);
insert into Activity (course, student, date, type) values (10, 60, '2020-05-15 09:21:28', 5);
insert into Activity (course, student, date, type) values (8, 135, '2020-02-10 05:45:21', 7);
insert into Activity (course, student, date, type) values (5, 84, '2020-04-04 16:25:44', 2);
insert into Activity (course, student, date, type) values (2, 172, '2020-04-02 01:58:51', 3);
insert into Activity (course, student, date, type) values (7, 54, '2020-05-27 11:38:53', 5);
insert into Activity (course, student, date, type) values (4, 48, '2020-04-30 04:24:20', 2);
insert into Activity (course, student, date, type) values (6, 184, '2020-04-10 13:53:26', 1);
insert into Activity (course, student, date, type) values (9, 170, '2020-05-06 06:40:32', 7);
insert into Activity (course, student, date, type) values (2, 32, '2020-05-26 18:16:50', 2);
insert into Activity (course, student, date, type) values (8, 166, '2020-02-29 11:09:21', 6);
insert into Activity (course, student, date, type) values (2, 81, '2020-02-29 17:54:20', 3);
insert into Activity (course, student, date, type) values (1, 23, '2020-03-15 11:04:34', 5);
insert into Activity (course, student, date, type) values (8, 81, '2020-04-01 19:29:58', 4);
insert into Activity (course, student, date, type) values (3, 43, '2020-03-05 18:11:28', 1);
insert into Activity (course, student, date, type) values (6, 197, '2020-04-24 10:42:21', 5);
insert into Activity (course, student, date, type) values (5, 88, '2020-04-26 11:09:41', 7);
insert into Activity (course, student, date, type) values (3, 135, '2020-05-14 21:29:28', 3);
insert into Activity (course, student, date, type) values (9, 195, '2020-04-21 23:11:06', 4);
insert into Activity (course, student, date, type) values (4, 2, '2020-02-11 12:48:53', 2);
insert into Activity (course, student, date, type) values (7, 19, '2020-04-07 23:44:28', 1);
insert into Activity (course, student, date, type) values (7, 124, '2020-04-30 07:54:03', 1);
insert into Activity (course, student, date, type) values (3, 39, '2020-05-02 22:10:40', 7);
insert into Activity (course, student, date, type) values (10, 118, '2020-04-12 21:34:38', 6);
insert into Activity (course, student, date, type) values (1, 117, '2020-04-20 21:30:31', 1);
insert into Activity (course, student, date, type) values (2, 83, '2020-03-24 12:20:40', 3);
insert into Activity (course, student, date, type) values (6, 40, '2020-05-11 18:24:40', 3);
insert into Activity (course, student, date, type) values (10, 114, '2020-03-20 21:27:19', 7);
insert into Activity (course, student, date, type) values (9, 109, '2020-03-22 23:22:35', 6);
insert into Activity (course, student, date, type) values (5, 47, '2020-04-19 03:54:24', 2);
insert into Activity (course, student, date, type) values (9, 81, '2020-02-26 19:42:58', 7);
insert into Activity (course, student, date, type) values (3, 47, '2020-04-26 06:01:37', 2);
insert into Activity (course, student, date, type) values (4, 141, '2020-04-25 04:00:22', 7);
insert into Activity (course, student, date, type) values (1, 46, '2020-02-24 06:23:17', 5);
insert into Activity (course, student, date, type) values (6, 87, '2020-02-24 23:44:08', 6);
insert into Activity (course, student, date, type) values (4, 155, '2020-05-19 16:39:51', 5);
insert into Activity (course, student, date, type) values (5, 141, '2020-05-22 05:18:16', 5);
insert into Activity (course, student, date, type) values (10, 48, '2020-04-30 22:54:56', 2);
insert into Activity (course, student, date, type) values (8, 74, '2020-02-20 17:47:24', 2);
insert into Activity (course, student, date, type) values (8, 116, '2020-03-17 22:59:06', 3);
insert into Activity (course, student, date, type) values (3, 29, '2020-03-23 16:05:46', 5);
insert into Activity (course, student, date, type) values (9, 126, '2020-04-06 21:03:47', 7);
insert into Activity (course, student, date, type) values (3, 77, '2020-02-26 17:24:03', 7);
insert into Activity (course, student, date, type) values (5, 29, '2020-04-05 01:34:18', 5);
insert into Activity (course, student, date, type) values (7, 82, '2020-03-18 13:14:34', 5);
insert into Activity (course, student, date, type) values (1, 25, '2020-03-07 04:43:07', 7);
insert into Activity (course, student, date, type) values (2, 166, '2020-03-24 17:01:54', 2);
insert into Activity (course, student, date, type) values (5, 118, '2020-03-13 07:15:40', 1);
insert into Activity (course, student, date, type) values (10, 84, '2020-05-17 11:59:02', 6);
insert into Activity (course, student, date, type) values (5, 153, '2020-05-09 12:30:31', 5);
insert into Activity (course, student, date, type) values (5, 76, '2020-02-19 21:47:38', 5);
insert into Activity (course, student, date, type) values (10, 27, '2020-03-31 20:55:12', 1);
insert into Activity (course, student, date, type) values (7, 14, '2020-04-11 20:10:30', 5);
insert into Activity (course, student, date, type) values (1, 128, '2020-02-13 05:16:25', 1);
insert into Activity (course, student, date, type) values (7, 34, '2020-02-17 02:31:45', 7);
insert into Activity (course, student, date, type) values (1, 21, '2020-03-31 21:34:48', 4);
insert into Activity (course, student, date, type) values (6, 115, '2020-04-24 04:43:57', 6);
insert into Activity (course, student, date, type) values (8, 188, '2020-03-11 01:23:10', 7);
insert into Activity (course, student, date, type) values (6, 25, '2020-05-16 13:36:58', 4);
insert into Activity (course, student, date, type) values (3, 35, '2020-03-20 21:14:35', 1);
insert into Activity (course, student, date, type) values (2, 125, '2020-04-27 09:07:43', 2);
insert into Activity (course, student, date, type) values (6, 69, '2020-03-09 04:04:37', 1);
insert into Activity (course, student, date, type) values (5, 131, '2020-05-20 11:19:47', 5);
insert into Activity (course, student, date, type) values (4, 11, '2020-05-11 22:18:23', 7);
insert into Activity (course, student, date, type) values (9, 81, '2020-04-18 12:00:23', 7);
insert into Activity (course, student, date, type) values (8, 160, '2020-02-29 13:12:22', 5);
insert into Activity (course, student, date, type) values (7, 109, '2020-05-23 01:08:02', 2);
insert into Activity (course, student, date, type) values (2, 12, '2020-03-17 07:39:11', 4);
insert into Activity (course, student, date, type) values (8, 102, '2020-05-24 15:00:06', 3);
insert into Activity (course, student, date, type) values (10, 104, '2020-03-06 08:41:44', 1);
insert into Activity (course, student, date, type) values (7, 59, '2020-03-16 23:13:49', 7);
insert into Activity (course, student, date, type) values (8, 158, '2020-03-22 15:14:11', 7);
insert into Activity (course, student, date, type) values (7, 187, '2020-03-10 18:46:13', 5);
insert into Activity (course, student, date, type) values (7, 171, '2020-04-25 05:01:31', 1);
insert into Activity (course, student, date, type) values (1, 189, '2020-03-27 04:07:54', 3);
insert into Activity (course, student, date, type) values (3, 63, '2020-02-16 21:41:56', 4);
insert into Activity (course, student, date, type) values (9, 151, '2020-04-16 17:08:12', 6);
insert into Activity (course, student, date, type) values (7, 166, '2020-05-28 17:49:26', 5);
insert into Activity (course, student, date, type) values (2, 42, '2020-03-29 01:17:21', 3);
insert into Activity (course, student, date, type) values (10, 138, '2020-04-11 20:13:06', 5);
insert into Activity (course, student, date, type) values (8, 172, '2020-02-20 02:49:06', 7);
insert into Activity (course, student, date, type) values (2, 55, '2020-03-27 08:06:17', 3);
insert into Activity (course, student, date, type) values (7, 147, '2020-05-08 06:05:56', 7);
insert into Activity (course, student, date, type) values (6, 64, '2020-04-24 04:02:07', 7);
insert into Activity (course, student, date, type) values (2, 33, '2020-05-19 16:46:07', 6);
insert into Activity (course, student, date, type) values (2, 108, '2020-03-14 16:29:14', 2);
insert into Activity (course, student, date, type) values (9, 161, '2020-04-13 00:37:47', 7);
insert into Activity (course, student, date, type) values (3, 108, '2020-04-26 17:51:35', 1);
insert into Activity (course, student, date, type) values (5, 83, '2020-05-24 15:57:53', 6);
insert into Activity (course, student, date, type) values (10, 57, '2020-02-14 13:15:38', 5);
insert into Activity (course, student, date, type) values (9, 177, '2020-04-09 20:49:55', 1);
insert into Activity (course, student, date, type) values (4, 167, '2020-05-01 06:21:51', 4);
insert into Activity (course, student, date, type) values (3, 123, '2020-03-10 16:26:50', 2);
insert into Activity (course, student, date, type) values (10, 73, '2020-05-19 00:47:50', 4);
insert into Activity (course, student, date, type) values (1, 159, '2020-04-04 06:17:50', 4);
insert into Activity (course, student, date, type) values (5, 32, '2020-04-05 22:52:56', 7);
insert into Activity (course, student, date, type) values (10, 89, '2020-05-18 01:51:18', 1);
insert into Activity (course, student, date, type) values (7, 76, '2020-05-17 20:54:02', 5);
insert into Activity (course, student, date, type) values (5, 81, '2020-04-09 11:18:14', 4);
insert into Activity (course, student, date, type) values (4, 161, '2020-05-23 00:43:04', 3);
insert into Activity (course, student, date, type) values (4, 18, '2020-04-20 02:52:54', 6);
insert into Activity (course, student, date, type) values (8, 91, '2020-03-06 11:29:16', 2);
insert into Activity (course, student, date, type) values (9, 69, '2020-05-18 22:07:52', 2);
insert into Activity (course, student, date, type) values (5, 130, '2020-04-26 15:45:50', 2);
insert into Activity (course, student, date, type) values (8, 108, '2020-02-26 09:02:16', 4);
insert into Activity (course, student, date, type) values (4, 148, '2020-02-17 23:04:37', 1);
insert into Activity (course, student, date, type) values (5, 198, '2020-04-11 12:02:36', 6);
insert into Activity (course, student, date, type) values (5, 149, '2020-04-25 09:12:56', 4);
insert into Activity (course, student, date, type) values (3, 50, '2020-05-18 16:21:49', 7);
insert into Activity (course, student, date, type) values (1, 85, '2020-02-12 02:18:54', 7);
insert into Activity (course, student, date, type) values (2, 22, '2020-03-10 05:12:15', 2);
insert into Activity (course, student, date, type) values (4, 175, '2020-02-24 21:09:24', 2);
insert into Activity (course, student, date, type) values (5, 20, '2020-03-12 08:07:53', 5);
insert into Activity (course, student, date, type) values (3, 161, '2020-04-15 09:54:33', 6);
insert into Activity (course, student, date, type) values (10, 27, '2020-05-27 02:23:18', 7);
insert into Activity (course, student, date, type) values (9, 25, '2020-05-22 20:11:56', 4);
insert into Activity (course, student, date, type) values (8, 157, '2020-02-21 12:31:44', 1);
insert into Activity (course, student, date, type) values (7, 84, '2020-03-23 13:43:04', 4);
insert into Activity (course, student, date, type) values (7, 44, '2020-04-26 23:49:19', 7);
insert into Activity (course, student, date, type) values (4, 8, '2020-05-08 09:25:35', 1);
insert into Activity (course, student, date, type) values (8, 42, '2020-02-27 16:50:20', 3);
insert into Activity (course, student, date, type) values (5, 142, '2020-03-14 13:32:07', 1);
insert into Activity (course, student, date, type) values (4, 189, '2020-05-28 06:33:38', 6);
insert into Activity (course, student, date, type) values (6, 191, '2020-04-21 18:01:03', 2);
insert into Activity (course, student, date, type) values (7, 193, '2020-05-17 04:31:41', 3);
insert into Activity (course, student, date, type) values (2, 141, '2020-05-29 23:48:33', 4);
insert into Activity (course, student, date, type) values (4, 170, '2020-02-23 00:10:53', 7);
insert into Activity (course, student, date, type) values (9, 192, '2020-03-29 18:30:19', 2);
insert into Activity (course, student, date, type) values (6, 25, '2020-04-24 04:13:37', 7);
insert into Activity (course, student, date, type) values (5, 170, '2020-04-13 08:42:00', 2);
insert into Activity (course, student, date, type) values (3, 74, '2020-04-12 08:12:05', 6);
insert into Activity (course, student, date, type) values (10, 111, '2020-05-23 13:24:13', 3);
insert into Activity (course, student, date, type) values (10, 13, '2020-05-15 22:20:03', 6);
insert into Activity (course, student, date, type) values (7, 136, '2020-04-15 02:40:55', 4);
insert into Activity (course, student, date, type) values (10, 169, '2020-05-13 07:37:25', 5);
insert into Activity (course, student, date, type) values (6, 98, '2020-03-20 08:30:09', 6);
insert into Activity (course, student, date, type) values (2, 101, '2020-03-21 10:55:45', 4);
insert into Activity (course, student, date, type) values (7, 138, '2020-04-07 00:07:46', 1);
insert into Activity (course, student, date, type) values (8, 7, '2020-05-27 10:29:43', 3);
insert into Activity (course, student, date, type) values (10, 56, '2020-03-31 22:54:03', 4);
insert into Activity (course, student, date, type) values (7, 194, '2020-03-23 15:48:42', 1);
insert into Activity (course, student, date, type) values (3, 3, '2020-04-23 08:38:12', 6);
insert into Activity (course, student, date, type) values (7, 17, '2020-05-10 04:02:46', 3);
insert into Activity (course, student, date, type) values (9, 147, '2020-02-15 00:27:15', 5);
insert into Activity (course, student, date, type) values (10, 16, '2020-04-26 08:26:49', 7);
insert into Activity (course, student, date, type) values (8, 191, '2020-03-26 07:17:10', 6);
insert into Activity (course, student, date, type) values (4, 43, '2020-04-30 04:18:20', 4);
insert into Activity (course, student, date, type) values (1, 61, '2020-05-06 04:49:15', 6);
insert into Activity (course, student, date, type) values (10, 35, '2020-05-14 12:41:33', 3);
insert into Activity (course, student, date, type) values (10, 169, '2020-02-19 16:26:40', 4);
insert into Activity (course, student, date, type) values (8, 114, '2020-04-18 11:53:44', 6);
insert into Activity (course, student, date, type) values (3, 186, '2020-04-22 09:23:54', 2);
insert into Activity (course, student, date, type) values (8, 82, '2020-03-29 20:15:11', 6);
insert into Activity (course, student, date, type) values (1, 26, '2020-04-18 10:23:56', 1);
insert into Activity (course, student, date, type) values (5, 161, '2020-02-13 23:00:41', 4);
insert into Activity (course, student, date, type) values (3, 142, '2020-04-10 08:15:33', 3);
insert into Activity (course, student, date, type) values (7, 16, '2020-04-03 10:51:34', 4);
insert into Activity (course, student, date, type) values (10, 116, '2020-05-05 14:11:39', 6);
insert into Activity (course, student, date, type) values (5, 116, '2020-03-31 04:02:28', 3);
insert into Activity (course, student, date, type) values (5, 27, '2020-05-09 10:11:45', 6);
insert into Activity (course, student, date, type) values (3, 157, '2020-04-28 16:54:44', 6);
insert into Activity (course, student, date, type) values (7, 182, '2020-05-09 19:02:08', 2);
insert into Activity (course, student, date, type) values (6, 141, '2020-03-18 17:11:51', 3);
insert into Activity (course, student, date, type) values (7, 139, '2020-04-26 19:29:51', 7);
insert into Activity (course, student, date, type) values (5, 191, '2020-03-23 18:23:14', 1);
insert into Activity (course, student, date, type) values (10, 184, '2020-02-16 03:36:51', 5);
insert into Activity (course, student, date, type) values (1, 169, '2020-05-25 16:55:50', 5);
insert into Activity (course, student, date, type) values (1, 109, '2020-04-21 04:15:04', 1);
insert into Activity (course, student, date, type) values (10, 129, '2020-05-17 20:51:55', 2);
insert into Activity (course, student, date, type) values (9, 6, '2020-05-28 08:24:53', 1);
insert into Activity (course, student, date, type) values (3, 198, '2020-03-19 03:26:30', 3);
insert into Activity (course, student, date, type) values (8, 65, '2020-02-27 02:56:27', 7);
insert into Activity (course, student, date, type) values (7, 116, '2020-04-21 01:32:47', 2);
insert into Activity (course, student, date, type) values (2, 151, '2020-03-27 08:55:12', 7);
insert into Activity (course, student, date, type) values (7, 70, '2020-03-03 13:16:05', 1);
insert into Activity (course, student, date, type) values (7, 103, '2020-03-28 19:56:07', 5);
insert into Activity (course, student, date, type) values (7, 126, '2020-04-21 17:46:37', 1);
insert into Activity (course, student, date, type) values (2, 69, '2020-05-02 03:20:38', 6);
insert into Activity (course, student, date, type) values (8, 88, '2020-02-12 08:55:29', 2);
insert into Activity (course, student, date, type) values (8, 187, '2020-02-26 21:48:17', 3);
insert into Activity (course, student, date, type) values (6, 93, '2020-05-01 16:32:05', 5);
insert into Activity (course, student, date, type) values (2, 19, '2020-04-06 21:41:23', 6);
insert into Activity (course, student, date, type) values (3, 68, '2020-03-05 20:07:58', 7);
insert into Activity (course, student, date, type) values (5, 112, '2020-05-17 08:45:35', 2);
insert into Activity (course, student, date, type) values (10, 155, '2020-02-29 19:42:09', 1);
insert into Activity (course, student, date, type) values (3, 74, '2020-04-08 19:48:23', 1);
insert into Activity (course, student, date, type) values (4, 116, '2020-05-26 01:19:54', 5);
insert into Activity (course, student, date, type) values (10, 107, '2020-05-28 17:50:03', 3);
insert into Activity (course, student, date, type) values (3, 99, '2020-03-15 13:22:26', 6);
insert into Activity (course, student, date, type) values (8, 100, '2020-03-16 02:19:41', 6);
insert into Activity (course, student, date, type) values (1, 27, '2020-03-01 01:58:41', 5);
insert into Activity (course, student, date, type) values (1, 131, '2020-03-17 03:06:00', 7);
insert into Activity (course, student, date, type) values (8, 10, '2020-02-27 20:33:04', 7);
insert into Activity (course, student, date, type) values (8, 123, '2020-05-20 08:04:17', 7);
insert into Activity (course, student, date, type) values (7, 35, '2020-04-19 05:35:50', 3);
insert into Activity (course, student, date, type) values (7, 101, '2020-03-15 03:56:10', 1);
