id,course,time_open,due
56,22121,1605412080,1607675760
60,22122,1612580400,1614466800
67,22124,1608293127,1609322072
71,22116,1603148400,1605412080
73,22116,1612203120,1614466800
77,22121,1603148400,1605412080
79,22130,1603148400,1604563200
84,22121,1607675760,1609939440
89,22124,1611379963,1612408909
90,22126,1612203120,1614466800
97,22124,1606235236,1607264181
101,22126,1605412080,1607675760
110,22124,1608293127,1609322072
112,22126,1607675760,1609939440
115,22116,1607675760,1609939440
122,22130,1603148400,1604563200
124,22119,1603148400,1604563200
132,22124,1611379963,1612408909
133,22126,1612203120,1614466800
135,22130,1607392800,1608807600
145,22126,1609939440,1612203120
149,22116,1603148400,1605412080
153,22119,1610222400,1611637200
156,22124,1603148400,1604177345
166,22124,1605206290,1606235236
171,22116,1605412080,1607675760
175,22124,1606235236,1607264181
181,22130,1604563200,1605978000
185,22119,1613052000,1614466800
188,22122,1605034799,1606921200
204,22126,1605412080,1607675760
209,22116,1605412080,1607675760
211,22119,1611637200,1613052000
220,22130,1610222400,1611637200