student,quiz,start
4,57,1614054649
11,57,1614054649
18,57,1614054649
20,57,1614054649
24,57,1614054649
1,61,1609778377
2,61,1609778377
4,61,1609778377
9,61,1609778377
24,61,1609778377
30,61,1609778377
1,62,1613790599
2,62,1613790599
24,62,1613790599
25,62,1613790599
30,62,1613790599
1,86,1608095796
3,86,1608095796
4,86,1608095796
19,86,1608095796
23,86,1608095796
27,86,1608095796
1,100,1613261327
2,100,1613261327
9,100,1613261327
25,100,1613261327
27,100,1613261327
1,104,1611347706
10,104,1611347706
18,104,1611347706
21,104,1611347706
1,106,1608258019
3,106,1608258019
11,106,1608258019
12,106,1608258019
26,106,1608258019
30,106,1608258019
11,107,1611419105
12,107,1611419105
4,108,1611716392
9,108,1611716392
18,108,1611716392
24,108,1611716392
3,111,1604397698
9,111,1604397698
19,111,1604397698
21,111,1604397698
3,119,1604863007
11,119,1604863007
30,119,1604863007
1,129,1607580865
2,129,1607580865
3,129,1607580865
4,129,1607580865
8,129,1607580865
11,129,1607580865
15,129,1607580865
23,129,1607580865
1,130,1610283207
2,130,1610283207
3,130,1610283207
4,130,1610283207
11,130,1610283207
23,130,1610283207
27,130,1610283207
1,151,1613489842
2,151,1613489842
3,151,1613489842
4,151,1613489842
12,151,1613489842
15,151,1613489842
20,151,1613489842
23,151,1613489842
25,151,1613489842
27,151,1613489842
4,162,1609136201
20,162,1609136201
24,162,1609136201
1,167,1611558220
9,167,1611558220
25,167,1611558220
30,167,1611558220
4,168,1612791458
9,168,1612791458
19,168,1612791458
21,168,1612791458
21,168,1612791458
26,168,1612791458
1,170,1608630389
2,170,1608630389
10,170,1608630389
21,170,1608630389
1,174,1613944472
11,174,1613944472
12,174,1613944472
26,174,1613944472
11,186,1607332023
12,186,1607332023
26,186,1607332023
30,186,1607332023
9,187,1607784561
11,187,1607784561
20,187,1607784561
24,187,1607784561
1,196,1606655211
2,196,1606655211
3,196,1606655211
4,196,1606655211
12,196,1606655211
25,196,1606655211
27,196,1606655211
2,197,1606292713
3,197,1606292713
8,197,1606292713
10,197,1606292713
12,197,1606292713
21,197,1606292713
21,197,1606292713
24,197,1606292713
26,197,1606292713
2,198,1611923244
3,198,1611923244
8,198,1611923244
10,198,1611923244
18,198,1611923244
21,198,1611923244
21,198,1611923244
26,198,1611923244
1,199,1612785051
3,199,1612785051
11,199,1612785051
12,199,1612785051
1,213,1607014236
2,213,1607014236
9,213,1607014236
24,213,1607014236
25,213,1607014236
3,217,1607116254
4,217,1607116254
21,217,1607116254
21,217,1607116254