id,course,duedate
0,22116,1612203120
1,22119,1605978000
2,22119,1610222400
3,22121,1607675760
4,22121,1614466800
5,22122,1605034799
6,22122,1612580400
7,22122,1614466800
8,22124,1610351018
9,22124,1614466800
10,22120,1609939440
11,22120,1612203120
12,22121,1612203120
13,22124,1605206290
14,22124,1609322072
15,22126,1605412080
16,22126,1609939440
17,22130,1610222400
18,22116,1605412080
19,22116,1609939440
20,22116,1614466800
21,22119,1608807600
22,22119,1611637200
23,22120,1605412080
24,22121,1605412080
25,22124,1604177345
26,22130,1604563200
27,22130,1614466800
28,22119,1604563200
29,22119,1614466800
30,22120,1607675760
31,22121,1609939440
32,22122,1606921200
33,22122,1608807600
34,22122,1610693999
35,22124,1606235236
36,22124,1612408909
37,22126,1614466800
38,22130,1607392800
39,22130,1608807600
40,22116,1607675760
41,22119,1607392800
42,22119,1613052000
43,22120,1614466800
44,22124,1607264181
45,22124,1608293127
46,22124,1611379963
47,22124,1613437854
48,22126,1607675760
49,22126,1612203120
50,22130,1605978000
51,22130,1611637200
52,22130,1613052000
53,22116,1612203120
66,22124,1605206290
72,22116,1609939440
75,22119,1611637200
78,22124,1604177345
82,22119,1614466800
85,22122,1606921200
91,22130,1607392800
98,22124,1608293127
99,22124,1611379963
102,22126,1612203120
105,22130,1613052000
126,22120,1607675760
143,22124,1613437854
160,22119,1614466800
161,22120,1607675760
165,22122,1610693999
172,22119,1607392800
173,22119,1613052000
178,22124,1613437854
182,22130,1611637200
183,22130,1613052000
190,22122,1610693999
195,22130,1608807600
200,22124,1607264181
203,22124,1613437854
212,22120,1614466800
215,22124,1611379963
221,22130,1613052000