id,course,due
56,22121,1610357760
60,22122,1617148800
67,22124,1612004072
71,22116,1608094080
73,22116,1617148800
77,22121,1608094080
79,22130,1607245200
84,22121,1612621440
89,22124,1615090909
90,22126,1617148800
97,22124,1609946181
101,22126,1610357760
110,22124,1612004072
112,22126,1612621440
115,22116,1612621440
122,22130,1607245200
124,22119,1607245200
132,22124,1615090909
133,22126,1617148800
135,22130,1611489600
145,22126,1614885120
149,22116,1608094080
153,22119,1614319200
156,22124,1606859345
166,22124,1608917236
171,22116,1610357760
175,22124,1609946181
181,22130,1608660000
185,22119,1617148800
188,22122,1609603200
204,22126,1610357760
209,22116,1610357760
211,22119,1615734000
220,22130,1614319200